url,title,funder,summary,amount,application_deadline,posted_date,eligibility,grant_id,application_url,categories,title_confidence,funder_confidence,summary_confidence,amount_confidence,application_deadline_confidence,posted_date_confidence,eligibility_confidence,grant_id_confidence,application_url_confidence,categories_confidence
https://www2.fundsforngos.org/community-development-2/call-for-applications-anzac-day-proceeds-fund-australia/,Call for Applications: Anzac Day Proceeds Fund (Australia),,28-Jul-2026,,,2026-07-25,"to Apply? Applicants must be incorporated not-for-profit organisations, eligible government entities, or other qualifying legal entities that meet the program requirements.",,,Community Development; Disability; health; LGBTQ; Women & Gender; Latest Grants and Resources in Australia,0.385,,0.054,,,0.742,0.806,,,0.483
https://www2.fundsforngos.org/community-development-2/tory-burch-fellows-program-for-women-entrepreneurs-us/,Tory Burch Fellows Program for Women Entrepreneurs (US),,"The Tory Burch Foundation Fellows Program is a fellowship for women entrepreneurs that connects selected founders with expert advisors, coaching, and business resources to support building and growing a qualifying business. Applications open on 25 September 2026 and close on 17 November 2026, with a review period in winter 2026–27 and selection planned for May 2027.",,2026-11-17,2026-09-28,Women entrepreneurs who meet the applicant and company eligibility criteria,,,Business & Industry; Community Development; Women & Gender; Latest Grants and Resouces in United States,0.526,,0.217,,0.225,0.418,0.015,,,0.42
https://www2.fundsforngos.org/community-development-2/grant-call-for-strengthening-ethiopias-maternal-and-newborn-health-system-czech-republic/,Grant Call for Strengthening Ethiopia’s Maternal and Newborn Health System (Czech Republic),,"The Czech Development Agency (CzDA) has announced a 2027 grant call for new projects that strengthen Ethiopia’s maternal and newborn healthcare system . Applicants must prepare their applications in Grantys and complete the required signed submission by 30 November 2026, inclusive . The supplied text does not state the grant amount or who is eligible to apply.",,2026-11-30,2026-09-28,"to apply. Opportunity at a Glance Funder: Czech Development Agency (CzDA) Programme: Bilateral development cooperation grant programme to strengthen maternal and newborn healthcare in Ethiopia Funding year: 2027 Call announced: 1 September 2026 Deadline: 30 November 2026, inclusive",,,Community Development; health; Latest Grants and Resouces in Czech Republic,0.541,,0.175,,0.319,0.358,0.338,,,0.341
https://www2.fundsforngos.org/community-development-2/call-for-proposals-npo-foundation-strengthening-grant-japan/,Call for Proposals: NPO Foundation Strengthening Grant (Japan),,"The SOMPO Welfare Foundation offers grants to Japanese NPOs working in social welfare that plan to obtain certified NPO status, including special certification. The grant is ¥300,000 per organisation , with ¥3 million available in total . Applications must be submitted online by 5:00 p.m. on 9 October 2026 .","¥300,000 per organisation",2026-10-09,2026-09-28,"Applicants must be legally established NPO corporations working in the social welfare field in Japan. They must plan to obtain certified or special certified NPO status and be able to use the Graain online application system. Organisations that submitted a certification application on or after 1 April 2026 may also apply, including those that have already obtained certification. Applicants should check the full programme guidelines for all conditions.",,https://www.sompo-wf.org/jyosei/nintei-npo.html,Community Development; Research; Latest Grants and Resouces in Japan,0.703,,0.161,0.136,0.292,0.469,0.82,,0.54,0.503
https://www2.fundsforngos.org/community-development-2/call-for-proposals-small-scale-projects-ssp-2027-lebanon/,Call for Proposals: Small Scale Projects (SSP) 2027 – Lebanon,,"The Embassy of the Czech Republic in Beirut is launching its annual call for proposals for the Small Scale Projects (SSP) for 2027. The program is a form of Czech development cooperation that supports small-scale projects implemented directly by eligible local stakeholders in Lebanon, aligned with national development priorities. The application deadline is 30 October 2026 .","250,000 CZK to maximum 500,000 CZK",2026-10-30,2026-09-28,Implementers of SSP must be: Local subjects with legal status in Lebanon Authorized to receive funds from Czech foreign development cooperation,,,Community Development; Sustainable Development; Latest Grants and Resouces in Lebanon,0.452,,0.234,0.734,0.581,0.672,0.462,,,0.402
https://www2.fundsforngos.org/community-development-2/introduce-a-girl-to-engineering-day-grants-united-states/,Introduce a Girl to Engineering Day Grants (United States),,"DiscoverE (National Engineers Week Foundation, doing business as DiscoverE) is offering limited Girl Day 2027 grants to support K-12 engineering programs and activities offered in connection with Girl Day during Engineers Week. Grants range from $250 to $1,000 for events taking place between 1 February 2027 and 31 March 2027 . The application deadline 03 November 2026",,,2026-09-28,"Eligible activities and timing Events or activities must be offered to K-12 students in connection with Girl Day. Events must take place between 1 February 2027 and 31 March 2027 . Programs do not need to be new , but must meet all other requirements.",,,Community Development; education; Women & Gender; Latest Grants and Resouces in United States,0.349,,0.199,,,0.633,0.582,,,0.618
https://www2.fundsforngos.org/community-development-2/call-for-eois-strengthening-access-to-health-psychosocial-support-and-protection-for-children-and-young-people-morocco/,"Call for EOIs: Strengthening Access to Health, Psychosocial Support, and Protection for Children and Young People (Morocco)",,"Entreculturas has issued a call for applications for third-party funding under the European Union-funded project “Assistance, Resilience and Protection for the Integration of Migrants and the Promotion of Social Cohesion in Morocco.” The call targets local associations in Berkane Province that can help vulnerable migrants access healthcare. The application deadline is not stated in the text provided; applicants must verify it in the Terms of Reference (ToR).",,,2026-09-28,Applicants must be formally established associations working in health and/or migration in Berkane. They must have at least three years of experience carrying out similar activities. For-profit organisations are not eligible. The call targets local associations in Berkane Province . Applicants should check the ToR for the full list of required documents and any additional eligibility conditions.,,,Children; Community Development; health; Humanitarian Relief; Poverty Alleviation; Refugee & Asylum Seekers; Youth & Adolescents; Latest Grants and Resouces in Morocco,0.498,,0.325,,,0.71,0.838,,,0.374
https://www2.fundsforngos.org/community-development-2/rfas-community-enterprise-and-skills-development-grants-south-africa/,RFAs: Community Enterprise and Skills Development Grants (South Africa),,"The Sibona Ilanga Trust is inviting eligible community groups to submit grant proposals for community-driven initiatives. The call closes on 31 October 2026 (time zone and specific closing time not specified in the source). Priority is given to proposals from Britstown, Philipstown, and Hanover , with proposals from De Aar also accepted and considered.",,2026-10-31,2026-09-28,The Trust states that it supports registered community-based or non-governmental organisations with PBO status from SARS . Geographic eligibility,,,Agriculture Food & Nutrition; Business & Industry; Children; Community Development; education; Environment; health; Youth & Adolescents; Latest Grants and Resouces in South Africa,0.632,,0.2,,0.369,0.406,0.7,,,0.688
https://www2.fundsforngos.org/community-development-2/cfas-community-matters-fund-energy-affordability-grants-united-kingdom/,CFAs: Community Matters Fund – Energy Affordability Grants (United Kingdom),,"The Community Matters Fund (Energy Affordability) 2026 offers grants of up to £5,000 (or £2,000 for certain constituted charitable organisations) to help communities tackle fuel poverty and improve energy affordability . The programme is delivered by National Grid Electricity Distribution in partnership with Localgiving , and applications close at 5pm on Friday 16 October 2026 . The total funding pot is £500,000 , supporting grassroots organisations working in targeted areas.",,,2026-09-28,"Eligible applicants must be based in (or meet the location requirement for) the following regions served by National Grid Electricity Distribution : Midlands, Southwest England, and South Wales . The source states that funding is available for: Registered charities Charitable companies Unregistered community organisations (provided they are based in the eligible locations) Grant-size eligibility by applicant type: Up to £5,000 : Registered charities or non-profit companies limited by guarantee U",,,Community Development; Environment; Poverty Alleviation; Latest Grants and Resouces in United Kingdom,0.333,,0.323,,,0.604,0.872,,,0.6
https://www2.fundsforngos.org/community-development-2/postcode-neighbourhood-trust-grant-programme-united-kingdom/,Postcode Neighbourhood Trust Grant Programme (United Kingdom),,"Postcode Neighbourhood Trust awards funds raised by players of Postcode Lottery to charities and good causes in the north of England. The trust operates grant funding rounds in 2026, including Round 3 (open) running from 24 September to 1 October 2026. Use the trust’s eligibility checker and funding guide to confirm your organisation and the application programme you should apply to.",,,2026-09-28,"Eligibility depends on the organisation and the proposed activities, and the trust directs applicants to use its eligibility checker before applying. Based on the supplied source text:",,,Arts & Culture; Community Development; health; Poverty Alleviation; Sustainable Development; Latest Grants and Resouces in United Kingdom,0.436,,0.203,,,0.732,0.699,,,0.598
https://www2.fundsforngos.org/community-development-2/apply-now-lets-live-well-and-get-cancer-clever-grants-united-kingdom/,Apply Now: Let’s Live Well and Get Cancer Clever Grants (United Kingdom),,"Bury VCFA offers local grant funding to Bury voluntary, community, and social enterprise (VCSE) organisations through multiple themed calls. Grants include project funding up to £2,500 for cancer awareness work, up to £250 for volunteering-related support (Winter 2026), community cohesion grants up to £5,000 (solo) or £10,000 (partnership), and coach/officials education bursaries up to £100 . Key deadlines range from 4 June 2026 (Round 1 bursaries) to 25 October 2026 for several grants, and 4 October 2026 for the cancer grant.",,,2026-09-28,"Across the grants, Bury VCFA sets core eligibility criteria. Requirements below are taken directly from the published information. Common eligibility requirements across most programmes Organisations must: Be based in Bury OR have a proven strong track record of delivery in Bury Hold an organisational bank account with 2 signatories who are not related to each other , OR have a supporting organisation that can provide a holding account Be fully up to date with grant reporting to Bury VCFA Have t",,,Community Development; health; Poverty Alleviation; Latest Grants and Resouces in United Kingdom,0.274,,0.456,,,0.745,0.83,,,0.512
https://www2.fundsforngos.org/community-development-2/apply-for-raf-act-project-grants-2026-08-australia/,Apply for RAF ACT Project Grants 2026-08 (Australia),,"The Regional Arts Fund (RAF) ACT Project Grants 2026–08 provide grant support through artsACT’s online grant application service, powered by SmartyGrants. Submissions are open, and the submission deadline is 5:00pm on 5 October 2026 (AEDT) . Use this opportunity listing to prepare and submit your ACT Project Grants application online.",,,2026-09-28,"The supplied source text does not list eligible applicant types, eligibility criteria, or excluded applicants. Not specified in the source. The page indicates applicants should download: RAF Information Sheet for ACT Applicants Regional Arts Fund guidelines If you need eligibility clarification, the page also directs applicants to email artsACT (see “How to Apply”).",,,Artists; Arts & Culture; Community Development; Latest Grants and Resouces in Australia,0.574,,0.271,,,0.744,0.613,,,0.418
https://www2.fundsforngos.org/community-development-2/applications-open-for-community-grants-scheme-2027-ireland/,Applications open for Community Grants Scheme 2027 (Ireland),,"Dún Laoghaire–Rathdown County Council offers a 2027 Community Grants Scheme to support community, recreational, sporting, and cultural opportunities for people who live, work, and visit County Dún Laoghaire–Rathdown. The scheme provides small-scale, percentage-based grants to help local not-for-profit groups match their resources for local projects and events. Funding is subject to availability, and all required supporting documentation must be submitted online with the application.",,,2026-09-28,"The guidelines specify that eligible applicants are: Locally based community and voluntary groups/organisations Not-for-profit groups/organisations Groups/organisations that can demonstrate : an inclusive and transparent ethos work addressing issues/target groups identified in the dlr Local Economic Community Plan (LECP) 2023–2028 a commitment to good practice in line with the Governance Code or Charities Governance Code , including attendance at training and other requirements as may be require",,,Arts & Culture; Community Development; Old Age Care; Sports & Recreation; Latest Grants and Resouces in Ireland,0.514,,0.287,,,0.725,0.875,,,0.491
https://www2.fundsforngos.org/community-development-2/request-for-applications-carrick-futures-community-grant-united-kingdom/,Request for Applications: Carrick Futures Community Grant (United Kingdom),,"Carrick Futures is a community grant programme administered by Foundation Scotland, supported by ScottishPower Renewables community benefit funds for Arecleoch and Mark Hill Wind Farms in South Ayrshire. The fund supports charitable activities that strengthen communities across South Carrick, with project locations either in eligible community council areas or directly benefiting them. Application deadlines fall across 2026/2027, with outcomes expected in late April 2026, late July 2026, late November 2026, and late January 2027.",,,2026-09-28,"Carrick Futures accepts applications from: Groups and organisations working to benefit people in any of the eligible communities in South Ayrshire. Key eligibility points: Your group/organisation must meet Carrick Futures’ standard eligibility criteria . You do not need to be a registered charity to apply. Projects must be in, or directly benefit, the eligible community council areas within South Ayrshire (as listed in the source).",,,Children; Community Development; Environment; health; Poverty Alleviation; Sustainable Development; Latest Grants and Resouces in United Kingdom,0.285,,0.531,,,0.688,0.932,,,0.621
https://www2.fundsforngos.org/community-development-2/impact-fund-grant-for-uk-not-for-profit-organisations/,Impact Fund Grant for UK Not-for-Profit Organisations,,"The easyfundraising Impact Fund offers 15 unrestricted £1,000 grants to UK not-for-profit organisations to help them continue or enhance community work. Applications close at midnight on Sunday 8 November 2026 .",,,2026-09-28,The fund is open to UK organisations only in the following categories: Registered charities Other not-for-profit organisations Sports clubs and teams Schools and education settings Social enterprises and CICs After-school and youth groups Churches and religious organisations Key eligibility notes from the source: Easyfundraising registration not required: Your organisation does not need to be registered with easyfundraising to apply. Previous applicants may apply again: Organisations that previo,,,Community Development; Latest Grants and Resouces in United Kingdom,0.537,,0.314,,,0.741,0.878,,,0.333
https://www2.fundsforngos.org/community-development-2/submit-applications-for-whole-foods-market-store-giving-program/,Submit Applications for Whole Foods Market Store Giving Program,,"Whole Foods Market’s Store Giving program provides biannual financial support to qualifying 501(c)(3) nonprofit organizations (US) , Canadian charitable organizations , and UK charitable incorporated organizations . The program supports community-centered work related to food access , environmental stewardship , and other closely related needs, with applications submitted through the Whole Foods Market Community Engagement Portal . The program’s 2026 voting timeline includes an April 2026 and an October 2026 cycle, with application deadlines of April 12, 2026 and October 11, 2026 respectively.",,,2026-09-28,"To be considered, applicants must meet the eligibility and guidelines below as described by Whole Foods Market.",,,Agriculture Food & Nutrition; Community Development; Environment; Latest Grants and Resources in Canada; Latest Grants and Resources in United Kingdom; Latest Grants and Resources in United States,0.409,,0.379,,,0.751,0.813,,,0.67
https://www2.fundsforngos.org/community-development-2/applications-open-for-coastal-communities-fund-grant-united-kingdom/,Applications open for Coastal Communities Fund Grant (United Kingdom),,"The Coastal Communities Fund is a grant aid scheme administered by Shetland Islands Council to support community and economic development across Shetland. Funded from net revenues generated by Scottish Crown Estate assets, the scheme backs projects that strengthen infrastructure, build community capacity, develop community assets, and encourage inclusive growth. The application deadline is Monday 19 October 2026 at 5pm .",,,2026-09-28,Applicant type: The source states that community groups are invited to apply. Geographic focus: Projects must support Shetland and be aligned with the Shetland Partnership Plan 2018–2028 . Mandatory alignment requirement: Projects must be a strong fit to the Shetland Partnership Plan 2018–2028 and the shared vision quoted in the opportunity description. Other eligibility criteria or exclusions: Not specified in the source text.,,,Agriculture Food & Nutrition; Business & Industry; Community Development; Environment; Poverty Alleviation; Latest Grants and Resouces in United Kingdom,0.499,,0.421,,,0.738,0.653,,,0.647
https://www2.fundsforngos.org/community-development-2/2026-assisting-neighborhoods-and-governments-with-enforcement-of-laws-grant-program-us/,2026 Assisting Neighborhoods and Governments with Enforcement of Laws Grant Program (US),,"The U.S. Department of Justice (DOJ), Bureau of Justice Assistance (BJA) offers the DOJ FY 2026 Assisting Neighborhoods and Governments with Enforcement of Laws (ANGEL) Grant Program to support state, local, and tribal government activities that identify, disrupt, and prevent violent crime committed by criminal illegal aliens , enhancing public safety through coordinated, intelligence-led operations. The original closing date is 20 October 2026 (with the current closing date also 20 October 2026 ). This opportunity has an award ceiling of up to $500,000 .",,,2026-09-28,"Eligible applicants listed in the notice include: State governments Native American tribal governments ( federally recognized ) City or township governments County governments Native American tribal organizations (other than federally recognized tribal governments) Special district governments Additional eligibility clarification provided in the source: State agencies with law enforcement responsibilities are eligible. For “ other units of local government ,” the notice specifies this includes t",,,Community Development; Narcotics Drugs & Crime; Latest Grants and Resouces in United States,0.658,,0.257,,,0.668,0.868,,,0.359
https://www2.fundsforngos.org/community-development-2/otf-sector-grant-canada-funding-to-strengthen-ontario-s-non-profit-sector/,"OTF Sector Grant (Canada): Funding to Strengthen Ontario’s Non-Profit Sector (CAD $50,000–$300,000/Year) — Application Deadline 14 October 2026",,"The Ontario Trillium Foundation (OTF) offers the Sector Grant to support projects that strengthen the capacity and resilience of Ontario’s non-profit sector . OTF accepts applications for Step 1 from 23 September to 14 October 2026 (5:00 p.m. ET ) . Funding ranges from $50,000 to $300,000 per year , for 1, 2, or 3 years .",,,2026-09-28,OTF accepts Sector grant applications from the following legal entities: A charitable organization or foundation registered for at least 2 years with the Canada Revenue Agency An organization incorporated as a not-for-profit for at least 2 years without share capital in a Canadian jurisdiction Ineligible applicants The source lists the following as not eligible: Individuals For-profit organizations Organizations with a primary purpose to deliver local programs and services Private or corporate f,,,Community Development; Latest Grants and Resouces in Canada,0.662,,0.145,,,0.62,0.873,,,0.263
https://www2.fundsforngos.org/community-development-2/apply-now-strong-seniors-eoi-2027-australia/,Apply Now: Strong Seniors EOI 2027 (Australia),,"Inner West Council is inviting Expressions of Interest (EOIs) for its Strong Seniors 2027 program. The online submission process is hosted on SmartyGrants , and submissions close at midnight (end of day) on 3 October 2026 (AEST) .",,,2026-09-28,"The provided source text does not specify eligible applicant types, required organizational qualifications, or geographic coverage. Eligibility requirements are therefore not specified in the source . To confirm whether your organization is eligible and to understand mandatory requirements, applicants should refer to the official guidelines associated with Strong Seniors EOI 2027.",,,Business & Industry; Community Development; Latest Grants and Resouces in Australia,0.377,,0.109,,,0.723,0.437,,,0.536
https://www2.fundsforngos.org/community-development-2/cfas-advance-disability-inclusive-climate-action-and-sustainable-energy-in-liberia/,CFAs: Advance Disability-Inclusive Climate Action and Sustainable Energy in Liberia,,"UNDP Liberia is inviting proposals under the “CFP for advance disability-inclusive climate action and sustainable energy” with a contract type of grants to civil society organizations (CSOs) and community-based organizations (CBOs). The target location is Montserrado, Liberia, and the contract duration is 1 year. The deadline is 07-Oct-26 at 04:54 AM (New York time) .",,,2026-09-28,"Eligible applicants: CSOs and CBOs (as stated by the contract type: “Grant to CSOs/CBOs”). Geographic focus: Montserrado (target location specified). The source does not provide further details on organizational registration requirements, minimum experience, sector exclusions, or specific eligibility criteria. Applicants should review the full negotiation documents for any mandatory requirements.",,,Community Development; Disability; Environment; Sustainable Development; Water & Sanitation; Women & Gender; Latest Grants and Resouces in Liberia,0.157,,0.194,,,0.702,0.689,,,0.686
https://www2.fundsforngos.org/community-development-2/apply-for-nordic-welfare-centre-funding-scheme/,Apply for Nordic Welfare Centre Funding Scheme,,"Nordic Welfare’s “The Funding Scheme” webpage describes a funding scheme connected to its disability-issues work. The page content provided does not include key grant details such as funding amounts, eligibility criteria, or deadlines; readers are directed to use the official application/guidance materials linked on the page.",,,2026-09-28,"The supplied article text does not include any eligibility rules such as: applicant types (e.g., NGOs, research institutions, public bodies) required legal status geographic eligibility thematic requirements tied to disability sub-areas exclusion criteria Not specified in the source provided.",,,Community Development; Disability; health; Latest Grants and Resources in Denmark; Latest Grants and Resources in Estonia; Latest Grants and Resources in Finland; Latest Grants and Resources in Iceland; Latest Grants and Resources in Latvia; Latest Grants and Resources in Lithuania; Latest Grants and Resources in Norway; Latest Grants and Resources in Sweden,0.773,,0.23,,,0.679,0.826,,,0.631
https://www2.fundsforngos.org/community-development-2/request-for-applications-sophie-und-karl-binding-stiftung-grants-switzerland/,Request for Applications: Sophie und Karl Binding Stiftung Grants (Switzerland),,"The Sophie und Karl Binding Stiftung (Binding Foundation) supports projects and initiatives in the fields of Environment , Social Work , and Culture through financial contributions based on funding applications, as well as through its own projects and multi-year collaborations . The next deadline for submitting applications is December 15, 2026 . The Foundation states that applications generally take three months to process, with a response expected by the end of March 2027 .",,,2026-09-28,"Organizations and initiatives working within the Foundation’s stated fields of action may submit applications, provided they also comply with the applicable exclusion criteria. Applicants and Recipients Not Supported The Foundation states that it does not support : Individuals, families , and schools For-profit businesses , including limited companies, limited liability companies, and sole proprietorships Federal and cantonal authorities Fundraising organizations , described as large public-bene",,,Arts & Culture; Community Development; Environment; Youth & Adolescents; Latest Grants and Resouces in Switzerland,0.267,,0.139,,,0.731,0.822,,,0.534
https://www2.fundsforngos.org/community-development-2/call-for-letters-of-inquiry-gef-small-grants-programme-saint-vincent-and-the-grenadines/,Call for Letters of Inquiry: GEF Small Grants Programme (Saint Vincent and the Grenadines),,The Critical Ecosystem Partnership Fund (CEPF) is inviting Letters of Inquiry (LOIs) from civil society organizations in Saint Vincent and the Grenadines for projects under the Global Environment Facility (GEF) Small Grants Program (SGP) . The opportunity supports community engagement in the management of threatened ecosystems and species within eligible areas of the country. The LOI submission period opens on 25 September 2026 and closes on 1 November 2026 .,,2026-11-01,2026-09-28,"CEPF’s call invites LOIs from the following types of organizations based in Saint Vincent and the Grenadines : Non-governmental organizations (NGOs) Community-based organizations (CBOs) Indigenous People’s organizations Women’s groups Youth groups Other civil society organizations CEPF notes that detailed instructions, eligibility criteria, and selection criteria are provided in the official call document linked on the CEPF page. Not specified in the source beyond the organization types and coun",,,,0.45,,0.492,,0.182,0.639,0.795,,,
https://www2.fundsforngos.org/community-development-2/cfps-strengthening-independent-journalism-and-countering-disinformation-in-moldova/,CFPs: Strengthening Independent Journalism and Countering Disinformation in Moldova,,"Canal France International (CFI) is inviting applications for a call for projects to strengthen independent journalism and counter disinformation in the Republic of Moldova. Three selected media outlets can receive grants of up to €30,000 , with an indicative total call budget of €90,000 . The application deadline is 17 October 2026 at 20:00 (UTC) .",,2026-10-17,2026-09-28,"CFI states the eligibility criteria are cumulative —if an applicant does not meet one or more criteria, the application will be rejected .",,,Community Development; Media; Moldova Republic Of,0.079,,0.379,,0.211,0.616,0.009,,,0.339
https://www2.fundsforngos.org/community-development-2/call-for-proposals-wes-ecosystem-fund-in-canada/,Call for Proposals: WES Ecosystem Fund in Canada,,"The Government of Canada’s Women Entrepreneurship Strategy (WES) is funding projects through the 2027 WES Ecosystem Fund to strengthen the entrepreneurship ecosystem and expand business supports for women entrepreneurs and/or majority women-owned businesses across Canada. The call for proposals is open, with a submission deadline of 9 November 2026 (11:59 pm PST) .",,,2026-09-28,Eligible lead applicants Projects must be led by a Canadian incorporated (federally or provincially) not-for-profit organization that has been operating for at least three years . Lead applicant criteria (must meet at least one) Lead applicants must meet at least one of the following: Have an established mandate focused on supporting women entrepreneurs ; and/or Have existing programming (offered within the past three years ) focused on women entrepreneurs . Organizations previously funded under,,,Community Development; Women & Gender; Latest Grants and Resouces in Canada,0.561,,0.321,,,0.63,0.83,,,0.438
https://www2.fundsforngos.org/community-development-2/raf-nsw-quick-response-grants-program-australia/,RAF: NSW Quick Response Grants Program (Australia),,The Regional Arts Fund (RAF) is offering NSW 2026-09 Quick Response Grants to support artists and arts workers with short-notice professional development and small activity opportunities. Submissions are accepted until midnight (end of day) 30 September 2026 (AEST). The grant round is administered for NSW applicants through the relevant Regional Arts Program Administrator.,,,2026-09-28,Eligible applicant types You may be eligible if you are one of the following: An individual An Australian incorporated organisation A company limited by guarantee A local government organisation ABN requirements To be eligible for an RAF Grant: You must have an active Australian Business Number (ABN) The ABN must be registered to your name and location The ABN you supply must match your name and current address You may need to verify your ABN details using the Australian Business Register Uninco,,,Artists; Arts & Culture; Community Development; Latest Grants and Resources in Australia,0.721,,0.128,,,0.722,0.884,,,0.47
https://www2.fundsforngos.org/community-development-2/raf-sa-2026-09-quick-response-grants-program-in-australia/,RAF: SA 2026-09 Quick Response Grants Program in Australia,,"The Regional Arts Fund (RAF) is offering RAF: SA 2026-09 Quick Response Grants to support professional development for artists and arts workers , or small arts activity opportunities , where the need can’t be planned for other funding rounds. Submissions close at midnight (end of day), 30 September 2026 (ACST) . Applications are made through SmartyGrants and must meet specific geographic, applicant type, and timing eligibility requirements.",,2026-09-30,2026-09-28,"Eligibility is assessed across location , applicant type , and activity . 1) Location eligibility (required) Organisations or individuals based in metropolitan locations are not eligible to apply for the RAF. Metropolitan organisations/individuals may partner with a regional organisation/community to deliver a project; in this case, the regional organisation/community should submit the application . The program uses the Modified Monash Model to determine remoteness and eligibility.",,,Artists; Arts & Culture; Community Development; Latest Grants and Resouces in Australia,0.439,,0.124,,0.285,0.599,0.899,,,0.418
https://www2.fundsforngos.org/community-development-2/project-assistance-community-arts-organizations-2026-27-canada-2/,Project Assistance: Community Arts Organizations 2026/27 (Canada),,The North Vancouver Recreation and Culture Commission (NVRC) offers Programming & Project Assistance Grants to support arts and culture programming and projects that benefit North Vancouver residents. Funding can support everything from ongoing programming by established arts non-profits to new and innovative initiatives considered on a project-by-project basis. Deadlines are not specified in the source text —applicants should consult the official guidelines for submission timelines and category requirements.,,,2026-09-25,"To be considered eligible for programming & project assistance , organizations must: Be a registered not-for-profit or charitable organization or a recognized arts group whose primary purpose is to provide arts and cultural experiences Have a history of delivering quality arts and cultural programs and services for at least one (1) year prior to the application Conduct the programs or projects in North Vancouver , or clearly demonstrate the benefit of the proposed programs or projects to North V",,,Arts & Culture; Community Development; Latest Grants and Resouces in Canada,0.573,,0.373,,,0.679,0.884,,,0.509
https://www2.fundsforngos.org/community-development-2/call-for-nominations-16th-eesc-civil-society-prize/,Call for Nominations: 16th EESC Civil Society Prize,,"The European Economic and Social Committee (EESC) offers the 16th EESC Civil Society Prize to reward effective, innovative, and creative civil society initiatives that combat poverty in the European Union. The prize is open to eligible non-profit initiatives carried out by natural persons, civil society organisations, and private companies registered in the EU. Applications must be submitted by 6 November 2026 at 10:00 a.m. (CET) .",,,2026-09-25,The prize is open to non-for-profit initiatives carried out by: Natural persons Civil society organisations Private companies Registration requirement: Applicants must be officially registered within the European Union . Where the initiative must take place: Initiatives must be carried out on the territory of the EU . Additional eligibility details: The source indicates that contest rules and the,,,Community Development; Poverty Alleviation; Latest Grants and Resources in Austria; Latest Grants and Resources in Belgium; Latest Grants and Resources in Bulgaria; Latest Grants and Resources in Croatia; Latest Grants and Resources in Cyprus; Latest Grants and Resources in Czech Republic; Latest Grants and Resources in Denmark; Latest Grants and Resources in Estonia; Latest Grants and Resources in Finland; Latest Grants and Resources in France; Latest Grants and Resources in Germany; Latest Grants and Resources in Greece; Latest Grants and Resources in Hungary; Latest Grants and Resources in Ireland; Latest Grants and Resources in Italy; Latest Grants and Resources in Latvia; Latest Grants and Resources in Lithuania; Latest Grants and Resources in Luxembourg,0.285,,0.402,,,0.59,0.858,,,0.778
https://www2.fundsforngos.org/community-development-2/call-for-applications-community-initiatives-program-australia/,Call for Applications: Community Initiatives Program (Australia),,"The Clarence Valley Council Community Initiatives Program (CIP) provides support to not-for-profit organisations for new or continuing projects and initiatives that benefit the Clarence Valley community. Funding categories include cash, rates, fee waivers for Council venues, and a schools category (awards nights only). Applications close at midnight on 30 April (Round 1) and 31 October (Round 2).",,,2026-09-25,"Based on the source, eligible applicants include: Incorporated organisations Groups with an ABN/bank account Individuals , if auspiced by an incorporated organisation Key eligibility guidance: The source instructs applicants to check the guidelines (PDF) and donations policy (PDF) for eligibility . Specific eligibility criteria are not listed in the article text and must be verified in the official documents. Other eligibility rules stated in the source: Rounds per financial year: You can apply ",,,Community Development; Latest Grants and Resouces in Australia,0.363,,0.511,,,0.69,0.818,,,0.36
https://www2.fundsforngos.org/community-development-2/rfas-second-wave-of-mini-grants-for-human-rights-initiatives-ukraine/,RFAs: Second Wave of Mini-Grants for Human Rights Initiatives (Ukraine),,"Kherson Human Rights House has launched the second round of its mini-grant competition, offering up to UAH 300,000 to support civil society organisations implementing human rights initiatives in the Kherson, Mykolaiv and Zaporizhzhia regions.",,,2026-09-25,,,,Community Development; Democracy & Good Governance; education; Human Rights; Latest Grants and Resouces in Ukraine,0.352,,0.3,,,0.591,,,,0.628
https://www2.fundsforngos.org/community-development-2/apply-now-for-s2-partnership-community-fund-uk/,Apply now for S2 Partnership Community Fund (UK),,"The S2 Partnership Community Fund offers grants of up to £5,000 for community projects delivered within a 10-mile radius of Elsworth . The fund is administered by the Cambridgeshire Community Foundation and supports initiatives that benefit children, young people, and families , including education experiences, STEM , health & wellbeing , and environmental projects. The annual application deadline is 1 November .","Up to £5,000",,2026-09-25,"The opportunity is open to: Non-profit organisations The opportunity is limited to projects that are delivered within: A 10-mile radius of Elsworth Other eligibility requirements, exclusions, and organisational criteria are not specified in the source . Applicants should review the official",,,Children; Community Development; education; Environment; Family; health; Youth & Adolescents; Latest Grants and Resouces in United Kingdom,0.427,,0.452,0.187,,0.456,0.887,,,0.673
https://www2.fundsforngos.org/community-development-2/open-call-for-burwell-and-reach-community-fund-uk/,Open Call for Burwell and Reach Community Fund (UK),,"The Burwell and Reach Community Fund offers grants of up to £2,000 for charity and community projects that benefit residents of Burwell and Reach . The fund is run by the Cambridgeshire Community Foundation and supports community resilience, community assets, and environmental improvements. Application deadlines are 1 February , 1 August , and 1 November (year not specified in the source).",,,2026-09-25,The fund is open to: Non-profit organisations The fund is intended to benefit: Residents of Burwell and Reach (eligible area) The source does not specify: Whether charities must be registered in a particular jurisdiction (Not specified in the source). Any minimum or maximum project duration (Not specified in the source). Any exclusions (Not specified in the source).,,,Community Development; Environment; Latest Grants and Resouces in United Kingdom,0.344,,0.229,,,0.536,0.835,,,0.527
https://www2.fundsforngos.org/community-development-2/apply-for-legal-advice-sustainability-scheme-uk/,Apply for Legal Advice Sustainability Scheme (UK),,"The London Legal Support Trust (LLST) is inviting applications to the Legal Advice Sustainability Scheme (LASS), a funding and support programme for specialist free legal advice organisations serving London and the South East. This round is designed for smaller, locally rooted organisations in areas where LLST does not currently have a funded partner, offering grants of £75,000 spread over 5 years alongside tailored consultancy support. The application deadline is Sunday 1 November 2026 .","£75,000",,2026-09-25,"This funding round is focused on smaller, locally rooted organisations delivering free specialist legal advice in areas where LLST does not currently have a funded partner . Applicant organisations must meet all of the following requirements: Be a registered, exempt or excepted charity , CIO , or CIC (limited by guarantee) Deliver free specialist legal advice as their primary purpose Have an annual income between £50k and £1m Have been delivering free specialist legal advice and/or representatio",,,Community Development; Latest Grants and Resouces in United Kingdom,0.46,,0.273,0.111,,0.59,0.79,,,0.333
https://www2.fundsforngos.org/community-development-2/apply-now-for-collective-action-grants/,Apply now for Collective Action Grants,,"The Commonwealth Foundation is inviting applications to its annual open grants call, supporting civil society across the Commonwealth to advance meaningful social, cultural, and political change. The call includes two grant streams for eligible not-for-profit civil society and creative organisations, and for eligible networks, coalitions, alliances, and collectives. The application deadline is 1pm GMT on 26 October 2026 .",,,2026-09-25,Eligible applicant types Individual Organisation Grants: Open to not-for-profit civil society organisations and creative organisations registered in,,,,0.66,,0.32,,,0.668,0.824,,,
https://www2.fundsforngos.org/community-development-2/apply-now-community-public-art-grants-canada/,Apply Now: Community Public Art Grants (Canada),,Community Public Art Grants support collaborative public art projects in North Vancouver where the lead artist works with participants to shape the final artwork. The City of North Vancouver and the District of North Vancouver provide annual seed funding to encourage community engagement through participatory arts practices. The source does not specify an application deadline; applicants should consult the official guidelines and application form.,,,2026-09-25,Eligible applicants for community public art assistance include: Registered not-for-profit arts and culture organizations Community service organizations Community associations Heritage associations and local historic societies Parent advisory councils Merchants’ associations or business improvement associations Multi-cultural and ethno-cultural organizations Charitable organizations Other recognized community groups Geographic requirement: Projects should result in the creation or presentation ,,,Arts & Culture; Community Development; Latest Grants and Resouces in Canada,0.426,,0.444,,,0.657,0.926,,,0.509
https://www2.fundsforngos.org/community-development-2/apply-for-local-council-major-festival-grant-australia/,Apply for Local Council Major Festival Grant (Australia),,"Multicultural NSW’s Stronger Together Grants Program offers Local Council Major Festival Grants to support major multicultural festivals, events, and projects delivered by local councils across New South Wales (NSW). Funding is available for festivals held between 1 February 2027 and 29 February 2028 , with up to $250,000 available for each eligible local council. Applications close at 4:00pm, Friday 2 October 2026.",,,2026-09-25,"Based on the opportunity page, this grant funding is for major festivals run by local councils across NSW for 2027–28 . The source provided does not specify additional eligibility requirements beyond: The festival must be delivered within 1 February 2027 to 29 February 2028 The festival must meet the stated minimum attendance thresholds: 10,000 (regional NSW) or 30,000 (metropolitan areas) Funding is for one event only during the funding period Not specified in the source: Whether there are elig",,,Arts & Culture; Community Development; Latest Grants and Resouces in Australia,0.625,,0.129,,,0.58,0.401,,,0.546
https://www2.fundsforngos.org/community-development-2/request-for-applications-festive-connections-grants-programme-united-kingdom/,Request for Applications: Festive Connections Grants Programme (United Kingdom),,"The McCarthy Stone Foundation offers the Festive Connections programme , providing grants of up to £750 to organisations running festive activities that help people aged 65 and over feel connected and included during the holiday period. Funding supports activities taking place between 1 December 2026 and 2 January 2027 . Applications close at 5pm on Thursday 15 October 2026 .",Up to £750,,2026-09-25,"Funding is open to organisations with an annual income of less than £250,000 , including: Registered charities Exempt charities Constituted community groups Community Interest Companies (CICs) limited by guarantee Additional eligibility requirements stated in the application form: The activity itself can be open to a wider age group , but the Foundation’s funding must be used to benefit people aged 65 and over . Applicants must select at least one operating region in the form. The form also stat",,,Community Development; Latest Grants and Resources in United Kingdom,0.31,,0.216,0.241,,0.613,0.946,,,0.345
https://www2.fundsforngos.org/community-development-2/apply-for-domestic-abuse-counselling-fund-united-kingdom/,Apply for Domestic Abuse – Counselling Fund (United Kingdom),,"The Henry Smith Foundation is offering the Domestic Abuse: Counselling Fund to support specialist domestic abuse organisations providing long-term counselling for survivors. The fund will provide five-year grants (total £250,000 , £50,000 per year ) and includes five ring-fenced grants for organisations supporting children and/or young people . The Expression of Interest (EOI) deadline is 21 October 2026 at 5pm .","£250,000 total",,2026-09-25,The fund is open to,,,Community Development; health; Women & Gender; Youth & Adolescents; Latest Grants and Resources in United Kingdom,0.575,,0.332,0.15,,0.611,0.792,,,0.486
https://www2.fundsforngos.org/community-development-2/first-nation-adapt-program-fna-climate-change-adaptation-funding-for-first/,Applications open for First Nation Adapt Program (Canada),,The First Nation Adapt (FNA) program provides contribution funding for climate change adaptation projects led by First Nation communities and organizations located south of the 60th parallel. FNA supports projects that assess climate change impacts and strengthen climate resilience aligned with self-determined priorities. The program accepts project proposals year-round and has $8.42 million in contribution funding available for the 2026–2027 fiscal year.,,,2026-09-24,"Eligible applicants include: First Nation communities First Nation organizations , including: First Nation associations band councils tribal councils self-governing First Nations governments other organizations understood to be First Nations in nature Key eligibility limitations: The program only supports climate change adaptation projects in First Nations south of the 60th parallel . Northern First Nations seeking climate change adaptation funding should consult the Climate Change Preparedness ",,,Community Development; Environment; Latest Grants and Resouces in Canada,0.355,,0.486,,,0.77,0.918,,,0.568
https://www2.fundsforngos.org/community-development-2/traffic-management-for-community-groups-round-three-latrobe-city-council/,RFAs: Traffic Management for Community Groups Grant – Round Three (Australia),,"Latrobe City Council is accepting applications for Traffic Management for Community Groups – Round Three , delivered through its online grant application service (SmartyGrants). Submissions close at midnight (end of day) 30 October 2026 (AEDT) . This opportunity supports community-focused traffic management initiatives, with applicants required to complete and submit their SmartyGrants form by the deadline.",,2026-10-30,2026-09-24,"The source provided confirms the opportunity is for community groups , but it does not list eligibility criteria such as: applicant legal status, geographic eligibility (e.g., Latrobe City municipality boundaries), minimum experience requirements, or exclusions. Not specified in the source provided. Applicants should use the official TMG Guidelines for eligibility requirements.",,,Community Development; Latest Grants and Resouces in Australia,0.34,,0.31,,0.373,0.486,0.587,,,0.36
https://www2.fundsforngos.org/community-development-2/small-grants-competition-developing-services-for-adults-with-disabilities/,Small Grants Competition: Developing Services for Adults with Disabilities Due to Mental and Intellectual Disorders,,"The “Mental Health for Ukraine” (MH4U) project announces a small grants competition aimed at supporting enterprises, institutions, organizations, and individual entrepreneurs engaged in providing social services for adults with disabilities due to mental and intellectual disorders. The competition seeks to enhance community-based, quality, and person-centered services, promoting social integration and improving the quality of life for these individuals. Applications are open until 19 October 2026.",,2026-10-19,2026-09-23,: Open to organizations and individual entrepreneurs across Ukraine. Applicants must have experience in supporting adults with disabilities due to mental and intellectual disorders.,,,Community Development; Disability; health; Latest Grants and Resouces in Ukraine,0.512,,0.623,,0.287,0.383,0.718,,,0.386
https://www2.fundsforngos.org/community-development-2/resilience-fund-for-women-funding-opportunity-for-climate-resilience/,Resilience Fund for Women: Funding Opportunity for Climate Resilience Projects in South and Southeast Asia,,"The Resilience Fund is offering a new funding round to support women/non-binary-led organizations in Bangladesh, Cambodia, India, and Vietnam. This initiative focuses on enhancing women’s health, safety, and economic resilience, promoting community-led climate adaptation, and strengthening connections to global value chains. Grants range from $15,000 to $50,000 USD over two years. Phase 1 applications open on 18 September 2026 and close on 12 October 2026.","Between $15,000 and $50,000 USD, distributed over two years.",2026-10-12,2026-09-23,"Applicant Type: Women/non-binary-led, community-based NGOs. Geographic Coverage: Bangladesh, Cambodia, India, Vietnam. Requirements: Must be formally registered, authorized to receive foreign funding, and have an annual income of at least $10,000 USD. Leadership : At least 50% of staff and senior leadership must identify as women or non-binary.",,,Community Development; Environment; health; Women & Gender; Latest Grants and Resources in Bangladesh; Latest Grants and Resources in Cambodia; Latest Grants and Resources in India; Latest Grants and Resources in Vietnam,0.44,,0.45,0.852,0.312,0.103,0.691,,,0.673
https://www2.fundsforngos.org/community-development-2/magpies-community-grants-supporting-local-athletes-and-charitable/,Magpies Community Grants: Supporting Local Athletes and Charitable Initiatives,,"The Magpies Community Grants, offered by the Magpies Sporting Club in Mackay, provide financial assistance to local athletes and community projects. Established in 2022, the program has already distributed over $187,000 to support various initiatives. Applications are accepted three times a year across three grant categories, with the next deadline on 20 November 2026.",,2026-11-20,2026-09-23,"Local Sporting Champions and Time to Shine Grants: Male and female athletes, respectively Must not have received funding in the past 12 months Participation in representative sporting events confirmed by a coach or governing body Residents of Mackay",,,Community Development; education; Environment; health; Sports & Recreation; Women & Gender; Latest Grants and Resouces in Australia,0.434,,0.368,,0.353,0.745,0.247,,,0.732
https://www2.fundsforngos.org/community-development-2/wcit-charity-grants-for-innovative-technology-projects-in-the-uk/,WCIT Charity Grants for Innovative Technology Projects in the UK,,"The Worshipful Company of Information Technologists (WCIT) Charity offers grants of up to £15,000 to UK-registered charities for projects that leverage technology to improve lives, enhance education, and increase digital inclusion. Applications for the next funding round open on 21 September and close on 3 November, or earlier if the cap of 50 applications is reached. Successful applicants will be notified by 8 December.",,,2026-09-23,Applicants must be UK-registered charities. Projects must benefit at least 25 people in the UK. Projects should align with one of the WCIT Charity’s focus areas and use technology as a central element.,,,Community Development; education; Information Technology; Latest Grants and Resouces in United Arab Emirates,0.635,,0.209,,,0.704,0.81,,,0.539
https://www2.fundsforngos.org/community-development-2/apply-now-community-liaison-committee-grants-new-zealand/,Apply Now: Community Liaison Committee Grants (New Zealand),,"The Community Liaison Committee (CLC) is offering grants to support community leaders in the Tāmaki area, including Panmure, Glen Innes, and Point England. These grants aim to foster positive change by providing financial assistance for projects that benefit the community. Applications are open until 21 October 2026.","Up to $5,000",2026-10-21,2026-09-23,"Eligible applicants include community leaders and organizations operating within the Tāmaki area, specifically in Panmure, Glen Innes, and Point England. Projects must align with the specified focus areas to qualify for funding.",,,Community Development; education; Employment & Labor; Environment; Latest Grants and Resouces in New Zealand,0.503,,0.552,0.737,0.265,0.59,0.884,,,0.651
https://www2.fundsforngos.org/community-development-2/2026-27-community-grants-program-round-1-australia/,2026/27 Community Grants Program (Round 1) – Australia,,"Maranoa Regional Council offers a variety of grants and funding opportunities to support community organizations and individuals in the Maranoa region. These programs aim to enhance community development, cultural heritage, and economic growth. The council partners with businesses, government, and community organizations to provide this support.",,,2026-09-23,"Eligible applicants include community organizations and individuals based in the Maranoa region. Specific eligibility criteria vary by program, and applicants are encouraged to consult the respective program guidelines.",,,Arts & Culture; Community Development; Economic Development; Environment; Sports & Recreation; Latest Grants and Resouces in Australia,0.339,,0.597,,,0.615,0.837,,,0.511
https://www2.fundsforngos.org/community-development-2/gbe-community-fund-grant-funding-for-community-owned-clean-energy-projects/,GBE Community Fund: Grant Funding for Community-Owned Clean Energy Projects,,"The GBE Community Fund, offered by Great British Energy, provides grant funding to community organizations in England, Wales, and Northern Ireland for developing and building community-owned clean energy projects. The fund supports projects involving solar, wind, storage, and other technologies. The application window is open till 12 November 2026 .",,,2026-09-23,"Eligible applicants include legally constituted, incorporated community organizations based in England, Wales, or Northern Ireland. These organizations must be set up to run energy projects for local benefit and ensure at least 50% community ownership when operational. Eligible entities include community benefit societies, community interest companies, co-operative societies, development trusts, and registered charities .",,,Community Development; Latest Grants and Resouces in United Kingdom,0.645,,0.394,,,0.564,0.917,,,0.333
https://www2.fundsforngos.org/community-development-2/the-teagle-foundation-s-cornerstone-learning-for-living-initiative/,The Teagle Foundation’s Cornerstone: Learning for Living Initiative,,"The Teagle Foundation’s “Cornerstone: Learning for Living” initiative seeks to revitalize the role of the humanities in general education across higher education institutions. This initiative offers funding opportunities to accredited institutions to support curricular reform and faculty development, with a focus on integrating transformative texts into general education. The next application deadline is 1 December 2026.",,2026-12-01,2026-09-23,"Eligible applicants include regionally accredited private not-for-profit and public institutions of higher education in the United States. This includes community colleges, liberal arts colleges, regional comprehensive institutions, and research universities.",,,Arts & Culture; Community Development; education; Latest Grants and Resouces in United States,0.299,,0.558,,0.303,0.722,0.92,,,0.506
https://www2.fundsforngos.org/community-development-2/rand-water-foundation-call-for-service-delivery-partnerships-proposals/,Rand Water Foundation: Call for Service Delivery Partnerships Proposals 2026/2027,,"The Rand Water Foundation is inviting proposals for its “Back to School” Initiative and Water Resource Management partnerships for the 2026/2027 period. These opportunities aim to support educational and water management projects in South Africa. The deadlines for submissions are 30 September 2026 and 25 September 2026, respectively.",,,2026-09-23,Eligible applicants include organizations with the capacity to implement educational and water management projects in South Africa. Applicants must demonstrate experience and capability in the respective fields.,,,Community Development; education; Latest Grants and Resouces in South Africa,0.407,,0.209,,,0.623,0.872,,,0.659
https://www2.fundsforngos.org/community-development-2/sbi-foundation-request-for-proposals-strategy-and-growth-consulting/,SBI Foundation Request for Proposals: Strategy and Growth Consulting Engagement,,The SBI Foundation is seeking proposals from qualified agencies for a 12-week consulting engagement focused on the design of Standard Operating Procedures (SOP) and policy development. This opportunity is part of the Foundation’s Strategy and Growth initiatives. Interested parties must submit their proposals by 8 October 2026.,,2026-10-08,2026-09-23,Eligible Applicants: Qualified agencies with expertise in strategy and growth Geographic Coverage: Not specified in the source Exclusions: Not specified in the source,,,Community Development; Latest Grants and Resouces in India,0.35,,0.372,,0.319,0.539,0.894,,,0.408
https://www2.fundsforngos.org/community-development-2/kindred-cares-grant-2026-funding-for-palliative-care-programs-and-research/,Kindred Cares Grant 2026: Funding for Palliative Care Programs and Research in Canada,,"The Kindred Cares Grant, managed by the Kindred Foundation, supports programs and research in hospice, palliative, and end-of-life care for individuals with life-limiting conditions and their families. The grant aims to address clinical care needs and preferences. The application window opens on 21 September 2026 and closes on 26 October 2026 at 5 PM ET.",,2026-10-26,2026-09-23,"Organizations: Must have a Canadian charitable registration number or be affiliated with a qualified donee. Focus Areas: Pediatric and AYA palliative care across Canada; adult palliative care in Eastern Canada (NB, NS, PEI, NL). Research Requirements: Affiliation with an academic health science centre or university is required. Early-career researchers and health professionals are encouraged to apply.",,,Community Development; health; Research; Latest Grants and Resouces in Canada,0.357,,0.511,,0.258,0.601,0.761,,,0.513
https://www2.fundsforngos.org/community-development-2/call-for-proposals-strengthening-early-warnings-for-women-girls-and/,"Call for Proposals: Strengthening Early Warnings for Women, Girls, and Persons with Disabilities in Southeast Asia",,"The United Nations Office for Disaster Risk Reduction (UNDRR), in collaboration with the European Union’s Directorate-General for European Civil Protection and Humanitarian Aid Operations (DG ECHO), invites proposals for the project “No One Left Behind: Strengthening Early Warnings for Women, Girls, and Persons with Disabilities in Southeast Asia.” This initiative aims to enhance inclusive early warning systems in selected communities. The deadline for submissions is 1 October 2026.",,2026-10-01,2026-09-23,"Eligible applicants are non-profit-making organizations capable of implementing community-level projects in Thailand, Lao PDR, and Cambodia. Organizations must demonstrate experience in disaster risk management and inclusive communication practices.",,,Community Development; Disability; Environment; Women & Gender; Youth & Adolescents; Latest Grants and Resouces in Cambodia; Latest Grants and Resouces in Laos; Latest Grants and Resouces in Thailand,0.239,,0.377,,0.355,0.686,0.843,,,0.525
https://www2.fundsforngos.org/community-development-2/small-grants-for-refugee-led-organizations-in-kakuma-municipality-kenya/,"Small Grants for Refugee-Led Organizations in Kakuma Municipality, Kenya",,"UNHCR Kenya is inviting Refugee-Led Organizations (RLOs) and Refugee-Led Social Enterprises to submit concept notes for small grants aimed at supporting community-driven education programs. These programs focus on out-of-school children and youth in Kakuma Municipality, Turkana County, Kenya. The deadline for submissions is 7 October 2026, 23:59 EAT.","USD 5,000",2026-10-07,2026-09-23,"Eligible applicants must: Be a registered Refugee-Led Organization or Refugee-Led Social Enterprise operating in Kenya. Have at least 50% of leadership positions held by refugees or asylum seekers. Be operational in Turkana West Sub-County. Demonstrate experience in education programming, community outreach, data collection, child protection , youth engagement, or related interventions. Have a strong community presence and networks within the target population. Ensure proposed activities have no",,,Children; Community Development; education; Refugee & Asylum Seekers; Women & Gender; Youth & Adolescents; Latest Grants and Resouces in Kenya,0.4,,0.431,0.717,0.317,0.66,0.905,,,0.6
https://www2.fundsforngos.org/community-development-2/regional-performing-arts-grants-supporting-performing-arts-in-western/,Regional Performing Arts Grants: Supporting Performing Arts in Western Australia,,"The Regional Performing Arts Grants aim to enhance access to performing arts experiences in regional Western Australia by funding the development and touring of new and existing works. Supported by the Department of Primary Industries and Regional Development, this initiative is part of the Regional Creative Industries Fund. The next application round opens on 22 September 2026.",,2026-10-29,2026-09-23,"Made in WA: WA-based artists, producers, and arts organizations working with regional venues. The venue or festival premiering the work must be located in regional WA. Playing WA: Western Australian performing arts groups, organizations, or individual artists.",,,Artists; Arts & Culture; Community Development; Latest Grants and Resources in Australia,0.442,,0.492,,0.265,0.656,0.631,,,0.47
https://www2.fundsforngos.org/community-development-2/musical-instruments-programme-for-professional-and-non-professional/,Musical Instruments Programme for Professional and Non-Professional Performing Groups in Northern Ireland,,"The Arts Council of Northern Ireland invites applications for its Musical Instruments Programme, designed to support professional and non-professional performing groups in acquiring musical instruments. This initiative aims to enhance music-making quality across Northern Ireland. Applications must be submitted by 12:00 PM on 15 October 2026.",,,2026-09-23,"Eligible applicants include: Professional and non-professional performing groups based in Northern Ireland Community, youth , and resource organizations Schools involved in non-core curriculum music activities Formally constituted not-for-profit, voluntary, or charitable organizations with separate bank accounts Ineligible applicants include: Groups that received funding from this scheme in the past five years Certain types of bands (e.g., brass, pipe, wind) which should apply to a different pro",,,Arts & Culture; Community Development; education; Youth & Adolescents; Latest Grants and Resources in United Kingdom,0.302,,0.228,,,0.695,0.907,,,0.522
https://www2.fundsforngos.org/community-development-2/springwell-solar-farm-pre-operational-community-fund-supporting-local/,Springwell Solar Farm Pre-Operational Community Fund: Supporting Local Community Projects,,"The Springwell Solar Farm Pre-Operational Community Fund, managed by the Lincolnshire Community Foundation in collaboration with EDF Renewables, offers financial support to local clubs, groups, and organizations in villages surrounding the Springwell Solar Farm in Scopwick. This fund aims to enhance community well-being and cohesion. The next application deadlines are 1 November and 1 May.",,,2026-09-22,"Eligible applicants include not-for-profit community groups, charities, and social enterprises. Applicants must provide: A constitution or governing document An income and expenditure account or the last three months of bank statements (for new groups) Quotes for any costs exceeding £200 Evidence of the balance of project costs Applicants must have a bank account in the organization’s name with at least two unrelated signatories living at separate addresses and a committee of at least three peop",,,Business & Industry; Community Development; Latest Grants and Resources in United Kingdom,0.43,,0.353,,,0.547,0.918,,,0.434
https://www2.fundsforngos.org/community-development-2/michael-cornish-core-grants-programme-for-community-organizations-in/,Michael Cornish Core Grants Programme for Community Organizations in Greater Lincolnshire,,"The Michael Cornish Core Grants Programme, offered by the Lincolnshire Community Foundation, provides financial support to community organizations in Greater Lincolnshire. This program aims to assist groups in covering revenue and essential running costs to enhance their services for vulnerable residents. Applications are open until 16 October 2026.",,2026-10-16,2026-09-22,"Eligible applicants include: Not-for-profit constituted community groups Registered charities Social enterprises operating in Greater Lincolnshire Ineligible applicants include individuals, grant-making bodies for redistribution, and national or regional organizations.",,,Community Development; Family; Poverty Alleviation; Youth & Adolescents; Latest Grants and Resources in United Kingdom,0.416,,0.437,,0.294,0.554,0.907,,,0.587
https://www2.fundsforngos.org/community-development-2/community-youth-and-cultural-funding-program-project-grants/,"Community, Youth, and Cultural Funding Program: Project Grants",,"The Community, Youth, and Cultural Funding Program offers municipal funding to support non-profit organizations and individual artists in Thunder Bay. This initiative aims to enhance community projects, leverage additional funding, and support cultural, youth, and social service sectors. The next deadlines for project grant applications are 2 April 2026 and 23 October 2026.",,,2026-09-22,"Eligible Applicants: Non-profit organizations and individual artists Location Requirement: Must operate within Thunder Bay, Ontario Additional Requirements: Applicants must discuss eligibility with program contacts before applying to ensure completeness.",,,Arts & Culture; Community Development; Youth & Adolescents; Latest Grants and Resources in Canada,0.441,,0.472,,,0.72,0.838,,,0.544
https://www2.fundsforngos.org/community-development-2/help-the-homeless-uk-funding-for-small-charities-supporting-homelessness/,Help the Homeless UK: Funding for Small Charities Supporting Homelessness,,"Help the Homeless UK offers funding opportunities for small charities dedicated to supporting homeless individuals. This initiative provides grants up to £5,000 for capital projects. Eligible organizations must be registered charities in the UK with an annual turnover of less than £500,000. The next application deadline is 5pm on 20 December 2023.","Up to £5,000 per project",,2026-09-22,"Charity Registration: Must be registered with the Charity Commission in England, Wales, Northern Ireland, or as a Scottish Charity Annual Turnover: Less than £500,000 Focus: Must work wholly or mostly with homeless individuals Exclusions: General community work, foodbanks, and non-homelessness-focused projects are not eligible",,,Community Development; Housing & Shelter; Poverty Alleviation; Latest Grants and Resources in United Kingdom,0.671,,0.519,0.208,,0.731,0.609,,,0.599
https://www2.fundsforngos.org/community-development-2/lcvs-community-impact-fund-cif-for-local-vcfse-groups/,LCVS Community Impact Fund (CIF) for Local VCFSE Groups,,"The LCVS Community Impact Fund (CIF) offers financial support to local Voluntary, Community, Faith, and Social Enterprise (VCFSE) groups in Liverpool. This fund aims to enhance community projects focusing on Health and Wellbeing, Education, Income Stability, and Arts and Culture. Applications are open until 16 October 2026 at 5 PM.","Up to £3,000 per project.",2026-10-16,2026-09-22,Eligible Applicants: Local VCFSE groups operating in Liverpool. Exclusions: Organizations based in Halton are not eligible.,,,Arts & Culture; Community Development; education; health; Latest Grants and Resources in United Kingdom,0.457,,0.502,0.222,0.294,0.692,0.815,,,0.539
https://www2.fundsforngos.org/community-development-2/2026-safer-together-capacity-building-fund-strengthening-community-safety/,2026 Safer Together Capacity Building Fund: Strengthening Community Safety and Wellbeing in Calgary,,The City of Calgary invites eligible non-profit organizations to apply for the 2026 Safer Together Capacity Building Fund. This funding opportunity supports one-time projects that enhance organizational capacity and advance community safety and wellbeing through collaborative actions. Applications must be submitted by 8 October 2026 at 5:00 p.m.,,2026-10-08,2026-09-22,"Applicant Type: Registered/incorporated non-profit organizations Location: Must operate within Calgary city limits Registration Requirements: Must be registered under the Alberta Societies Act, Alberta Companies Act, Canada Not-for-Profit Corporations Act, or Canada Business Corporations Act Additional Criteria: Must have an elected volunteer Board of Directors and be in good standing with the City of Calgary",,,Agriculture Food & Nutrition; Community Development; Disability; health; Housing & Shelter; Indigenous Communities; Women & Gender; Latest Grants and Resources in Canada,0.402,,0.175,,0.319,0.691,0.791,,,0.571
https://www2.fundsforngos.org/community-development-2/glenkens-and-district-community-fund-supporting-community-projects-in/,Glenkens & District Community Fund: Supporting Community Projects in Dumfries and Galloway,,"The Glenkens & District Community Fund, managed by Foundation Scotland, offers financial support to community projects in Dumfries and Galloway, Scotland. Funded by Blackcraig Wind Farm (Scotland) Ltd and Greencoat UK Wind, the fund aims to foster connected, resilient, and carbon-neutral communities. The next application deadline is 16 September 2026.",,,2026-09-22,"Eligible applicants include community groups and organizations within the specified areas of Dumfries and Galloway. While not required to be registered charities, applicants must meet standard eligibility criteria. Projects from outside the area must demonstrate clear local benefits.",,,Agriculture Food & Nutrition; Community Development; Economic Development; education; Environment; Housing & Shelter; Latest Grants and Resources in United Kingdom,0.404,,0.44,,,0.721,0.868,,,0.603
https://www2.fundsforngos.org/community-development-2/novo-nordisk-canada-grants-and-donations-program/,Novo Nordisk Canada Grants and Donations Program,,"Novo Nordisk Canada Inc. offers financial and non-financial support to organizations that align with its mission to combat diabetes and other serious health conditions. The program is designed to support healthcare, medical education, and social impact initiatives that benefit patients, communities, and the environment. Applications are accepted from Canadian-based organizations involved in diabetes, obesity, cardiovascular disease, liver health, and rare diseases.",,,2026-09-22,"Eligible applicants are Canadian-based organizations involved in healthcare and social impact initiatives. The program does not accept requests from individuals, political or religious organizations, or those that discriminate based on race, gender, religion , sexual orientation, or gender identity.",,,Community Development; education; health; Latest Grants and Resources in Canada,0.497,,0.449,,,0.7,0.848,,,0.669
https://www2.fundsforngos.org/community-development-2/living-sky-community-development-corporation-grant-funding-for-community/,Living Sky Community Development Corporation Grant: Funding for Community Development in Swift Current,,"The Living Sky Community Development Corporation Grant provides financial support to local non-profit and volunteer-based organizations in Swift Current, Saskatchewan. This grant aims to enhance community development through various initiatives, including economic, educational, social, and cultural projects. Applications are currently open for projects occurring between 1 January 2026 and 1 February 2027.",,,2026-09-22,"Eligible Applicants: Local non-profit and volunteer-based organizations Exclusions: Private individuals, specific teams, or groups within existing organizations (e.g., local AAA hockey or baseball clubs) Requirements: Must have appropriate liability and participant insurance, and projects must be non-profit and not duplicate existing services Acknowledgment: Recipients must publicly acknowledge the City of Swift Current and Living Sky Community Development Corporation in their promotional activi",,,Arts & Culture; Community Development; Economic Development; education; health; Indigenous Communities; Old Age Care; Youth & Adolescents; Latest Grants and Resources in Canada,0.585,,0.615,,,0.692,0.825,,,0.633
https://www2.fundsforngos.org/community-development-2/call-for-expressions-of-interest-enhancing-access-to-health-services-for/,Call for Expressions of Interest: Enhancing Access to Health Services for Youth in Morocco,,"This call for expressions of interest aims to select a legally established and authorized Civil Society Organization (CSO) or Non-Governmental Organization (NGO) in Morocco. The selected organization will contribute to improving access to general health services, chronic disease management, mental health care, psychosocial support, social action, and protection for children and youth in mobility. The deadline for submission is 9 September 2026.",,2026-09-09,2026-09-22,Legally established CSOs/NGOs in Morocco Organizations authorized to work in the country Joint applications or consortiums are not accepted,,,Community Development; health; Humanitarian Relief; Poverty Alleviation; Refugee & Asylum Seekers; Youth & Adolescents; Latest Grants and Resources in Morocco,0.214,,0.549,,0.235,0.68,0.759,,,0.366
https://www2.fundsforngos.org/community-development-2/fraser-coast-council-grants-and-sponsorships-funding-opportunities-for/,Fraser Coast Council Grants and Sponsorships: Funding Opportunities for Community Projects,,"The Fraser Coast Council offers a variety of grant and sponsorship programs to support community projects, activities, and events within the Fraser Coast Local Government Area. These opportunities are designed to benefit local groups and individuals by providing financial assistance for initiatives that enhance the community. Application deadlines vary by program, with some accepting submissions year-round.",,,2026-09-22,"Eligible applicants include community groups, not-for-profit organizations, businesses, and individuals residing or operating within the Fraser Coast Local Government Area. Specific eligibility criteria vary by program, and applicants are encouraged to review the guidelines for each grant or sponsorship opportunity.",,,Community Development; Environment; Sustainable Development; Latest Grants and Resources in Australia,0.597,,0.398,,,0.654,0.869,,,0.546
https://www2.fundsforngos.org/community-development-2/ontario-government-funding-opportunities-for-2026-2028/,Ontario Government Funding Opportunities for 2026-2028,,"The Government of Ontario offers a variety of funding opportunities for municipalities, police services, community organizations, and other eligible entities. These grants support initiatives ranging from border security enhancements to community safety and emergency preparedness. Below are details on several open funding programs, their objectives, eligibility criteria, and application processes.",,2026-09-09,2026-09-22,Eligibility varies by program but generally includes: Municipalities in Ontario First Nations and Indigenous communities Police services and boards Community-based organizations Non-profit and for-profit organizations (specific programs),,,Community Development; education; health; Research; Latest Grants and Resources in Canada,0.579,,0.139,,0.235,0.682,0.875,,,0.665
https://www2.fundsforngos.org/community-development-2/visions-of-australia-regional-exhibition-touring-program/,Visions of Australia: Regional Exhibition Touring Program,,"The Visions of Australia program, offered by the Office for the Arts, supports the development and touring of exhibitions across regional and remote Australia. This initiative aims to enhance audience access to Australian arts and cultural materials. Applications for Round 23 open on 14 September 2026 and close on 2 October 2026.",,2026-10-02,2026-09-22,"Eligible applicants include Australian arts and cultural heritage organizations. The program is open to those who can develop and tour exhibitions to multiple venues across Australia, with a focus on reaching regional and remote communities.",,,Arts & Culture; Community Development; Latest Grants and Resources in Australia,0.199,,0.293,,0.325,0.633,0.887,,,0.602
https://www2.fundsforngos.org/community-development-2/communities-mental-health-and-wellbeing-fund-year-6-small-grants-programme/,Communities Mental Health & Wellbeing Fund Year 6: Small Grants Programme,,"The Communities Mental Health & Wellbeing Fund for Adults, managed by ACVO TSI on behalf of the Scottish Government, is now accepting applications for its Year 6 Small Grants Programme. Eligible organizations in Aberdeen City can apply for grants up to £5,000 to support projects that enhance mental health and wellbeing. Applications are open from 17 September 2026 and close on 30 October 2026 at 5 pm.",,2026-10-30,2026-09-22,Eligible Applicants: Third sector organizations in Aberdeen City Ineligible Applicants: Organizations currently receiving multi-year funding from Year 5 Project Requirements: Must support adults aged 16 or over and address mental health and wellbeing needs in priority communities,,,Community Development; health; Latest Grants and Resources in United Kingdom,0.572,,0.135,,0.373,0.588,0.859,,,0.392
https://www2.fundsforngos.org/community-development-2/call-for-proposals-uganda-trees-4-karamoja-t4k-initiative/,Call for Proposals: Uganda – TREES 4 KARAMOJA (T4K) Initiative,,"The Italian Agency for Development Cooperation (AICS) is inviting proposals for the TREES 4 KARAMOJA (T4K) initiative, aimed at developing sustainable agroforestry value chains to protect forest heritage and natural resources in the Karamoja region of Uganda. The deadline for submissions is 18 November 2026, at 13:00.",,2026-11-18,2026-09-22,"Eligible applicants include organizations that are actively engaged in agroforestry and natural resource management. While the opportunity targets projects in Uganda, specific eligibility criteria are not detailed in the source.",,,Agriculture Food & Nutrition; Community Development; Disability; Environment; Poverty Alleviation; Sustainable Development; Women & Gender; Youth & Adolescents; Latest Grants and Resources in Uganda,0.409,,0.389,,0.223,0.535,0.853,,,0.652
https://www2.fundsforngos.org/community-development-2/90th-know-india-programme-kip-by-the-ministry-of-external-affairs/,"Stimulus Fund UK: Up to £1,000 for Tennis Projects in Suffolk",,"The Stimulus Fund supports charitable, voluntary, and community groups in Suffolk to promote tennis among disadvantaged and vulnerable people, particularly those living in areas of deprivation.","Up to £1,000",,2026-09-21,,,,Community Development; Sports & Recreation; Latest Grants and Resources in United Kingdom,0.585,,0.448,0.186,,0.458,,,,0.309
https://www2.fundsforngos.org/community-development-2/stimulus-fund-grants-for-promoting-tennis-in-suffolk/,Stimulus Fund: Grants for Promoting Tennis in Suffolk,,"The Stimulus Fund, managed by the Suffolk Community Foundation in partnership with the Suffolk Lawn Tennis Association (SLTA), offers grants to support grassroots tennis projects in Suffolk. The fund aims to promote tennis in areas of deprivation, including rural locations, and to assist disadvantaged or vulnerable groups. Applications are open year-round, with decisions made regularly based on demand.",,,2026-09-21,"Eligible applicants include charitable, voluntary, and community groups operating in Suffolk. Projects must aim to promote tennis, especially in areas of deprivation or among disadvantaged groups. Applications involving tennis coaching must employ qualified LTA coaches.",,,Community Development; Sports & Recreation; Latest Grants and Resources in United Kingdom,0.457,,0.538,,,0.711,0.881,,,0.309
https://www2.fundsforngos.org/community-development-2/the-lex-foundation-grant-opportunity-for-merseyside-community-projects/,The LEX Foundation Grant Opportunity for Merseyside Community Projects,,"The LEX Foundation, managed by the Community Foundation for Merseyside, offers grants to support local community groups and voluntary organizations in Merseyside, including Halton. With a focus on diverse and underrepresented communities, the fund provides grants of up to £1,000. Applications open in September 2026, with a deadline of 25 September 2026.",,2026-09-25,2026-09-21,"Eligible applicants include local community groups and voluntary organizations operating within Merseyside, including Halton. Organizations must have at least three unrelated trustees/directors/management committee members. Ineligible applicants include national organizations without local governance , statutory organizations, CICs Limited by Shares, commercial ventures, and projects for personal profit.",,,Community Development; LGBTQ; Poverty Alleviation; Refugee & Asylum Seekers; Sustainable Development; Latest Grants and Resources in United Kingdom,0.39,,0.236,,0.255,0.534,0.931,,,0.465
https://www2.fundsforngos.org/community-development-2/2026-27-acco-led-ecec-sector-growth-partnership-program/,2026/27 ACCO-led ECEC Sector Growth Partnership Program,,"The 2026/27 ACCO-led Early Childhood Education and Care (ECEC) Sector Growth Partnership Program invites Aboriginal Community Controlled Organisations (ACCOs) to submit Expressions of Interest (EOIs). This initiative, administered by the Department of Education, aims to support ACCOs in becoming approved early learning providers or expanding their existing services. The application deadline is 14 October 2026, at 12:00 pm.",,2026-10-14,2026-09-21,"Only ACCOs incorporated under relevant legislation and not-for-profit. Must be controlled and operated by Aboriginal and/or Torres Strait Islander people. Must have a majority Aboriginal and/or Torres Strait Islander governing body. For Streams 1 and 2, ACCOs must have early learning service approval or have applied for it. For Stream 3, ACCOs must demonstrate barriers to approval and community consultation.",,,Children; Community Development; education; Latest Grants and Resources in Australia,0.505,,0.387,,0.292,0.727,0.834,,,0.731
https://www2.fundsforngos.org/community-development-2/harwich-haven-authority-fund-grants-for-charitable-activities-in-suffolk/,Harwich Haven Authority Fund: Grants for Charitable Activities in Suffolk,,"The Harwich Haven Authority Fund, managed by Suffolk Community Foundation, offers grants to support charitable activities in specific Suffolk postcodes. The fund aims to promote water-based activities, maritime careers, environmental protection, and community well-being. Applications are open until 26 October 2026.",,2026-10-26,2026-09-21,"Eligible applicants include charitable, voluntary, and community groups. Projects must be located within the Suffolk postcodes IP1 to IP15. Social enterprises are eligible to apply.",,,Community Development; education; Environment; health; LGBTQ; Poverty Alleviation; Water & Sanitation; Latest Grants and Resources in United Kingdom,0.47,,0.344,,0.258,0.779,0.892,,,0.65
https://www2.fundsforngos.org/community-development-2/port-community-fund-grants-for-suffolk-based-community-organizations/,Port Community Fund: Grants for Suffolk-Based Community Organizations,,"The Port Community Fund, managed by Suffolk Community Foundation, offers grants to grassroots charitable and community organizations in Suffolk, UK. This fund supports initiatives in Felixstowe, The Trimleys, and areas of deprivation in Ipswich and Woodbridge. The current application cycle is open, with a deadline of 19 October 2026.",,2026-10-19,2026-09-21,"Eligible applicants are grassroots charitable and community organizations based in Suffolk, specifically those serving Felixstowe, The Trimleys, and areas of deprivation in Ipswich and Woodbridge. Social enterprises are not eligible to apply.",,,Community Development; health; Latest Grants and Resources in United Kingdom,0.522,,0.36,,0.287,0.639,0.819,,,0.392
https://www2.fundsforngos.org/community-development-2/companion-animal-welfare-and-rehoming-grant-round-2-fy26-27/,Companion Animal Welfare and Rehoming Grant – Round 2 – FY26/27,,The Companion Animal Welfare and Rehoming Grant – Round 2 for FY26/27 is an initiative by the Office of Local Government in New South Wales (NSW) to support designated companion animal rehoming organizations and registered charities. The grant aims to enhance animal welfare by funding activities related to the care and rehoming of companion animals. Applications are open until 9 October 2026.,"From $5,000 to $50,000",2026-10-09,2026-09-21,"Eligible applicants must: Have an Australian Business Number (ABN) or Australian Company Number (ACN) and be based in NSW. Operate animal welfare or rehoming services within NSW. Hold public liability insurance of $10 million. Be a designated rehoming organization or a registered charity involved in companion animal welfare. Ineligible applicants include individuals, sole traders, local councils, and organizations primarily dealing with animals other than cats or dogs.",,,Animals & Wildlife; Community Development; Latest Grants and Resources in Australia,0.524,,0.589,0.888,0.292,0.68,0.906,,,0.157
https://www2.fundsforngos.org/community-development-2/community-compass-grant-funding-for-social-enterprises-and-co-operatives/,Community Compass Grant: Funding for Social Enterprises and Co-operatives in Nova Scotia,,"The Community Compass Grant, provided by East Coast Credit Union, offers a total of $150,000 in funding to support social enterprises and co-operatives that generate measurable social or environmental impacts in local communities. Applications are open until 30 October 2026.",,2026-10-30,2026-09-21,Eligible applicants must: Be a registered co-operative or social enterprise. Be registered in or operate within Nova Scotia.,,,Business & Industry; Community Development; Environment; Latest Grants and Resources in Canada,0.393,,0.222,,0.373,0.715,0.888,,,0.543
https://www2.fundsforngos.org/community-development-2/stafford-borough-council-community-grants-funding-for-local-organizations/,Stafford Borough Council Community Grants: Funding for Local Organizations,,"The Stafford Borough Council Community Grants provide financial support to local organizations delivering services or facilities within the Stafford Borough area. Managed by the Community Foundation for Staffordshire & Shropshire, these grants aim to enhance community well-being and address local priorities. The next application deadline is 21 October 2026.",,2026-10-21,2026-09-21,"Eligible applicants include: Constituted community and voluntary groups Registered charities Social enterprises Applicants must have been established for over 12 months and have an annual income of less than £1,000,000. Ineligible entities include non-constituted groups, statutory organizations, and those with a statutory responsibility.",,,Community Development; health; Latest Grants and Resources in United Kingdom,0.548,,0.526,,0.265,0.667,0.913,,,0.392
https://www2.fundsforngos.org/community-development-2/godolphin-edwards-fund-for-organisations-supporting-community-initiatives/,Godolphin Edwards Fund for Organisations: Supporting Community Initiatives in Shropshire,,"The Godolphin Edwards Fund, managed by the Community Foundation for Staffordshire & Shropshire, offers grants to support community and voluntary groups in specific parishes of Shropshire. This fund aims to alleviate need, hardship, or distress by providing financial assistance for projects that enhance health, education, or quality of life. The next application deadline is 1 March 2027.","Up to £2,500",2027-03-01,2026-09-21,"Eligible applicants include constituted community and voluntary groups, registered charities, and social enterprises. Ineligible applicants are non-constituted groups, statutory agencies, newly established organisations (less than 12 months old), and private companies.",,,Community Development; education; health; Latest Grants and Resources in United Kingdom,0.394,,0.579,0.214,0.166,0.62,0.905,,,0.619
https://www2.fundsforngos.org/community-development-2/princetown-community-grants-fund-2026-27-empowering-local-projects/,Princetown Community Grants Fund 2026-27: Empowering Local Projects,,"The Princetown Community Grants Fund, established by the Duchy of Cornwall, offers a total of £250,000 to support community-driven projects in Princetown. This initiative aims to foster local ideas that enhance village life and provide long-term benefits. Applications are open until 15 December 2026 for large grants and 28 February 2027 for small grants.",,,2026-09-21,"Eligible applicants include community groups, charities, social enterprises, Community Interest Companies, Charitable Incorporated Organisations, and community benefit societies. Both new and small groups are encouraged to apply, with support available for those unfamiliar with the funding application process.",,,Arts & Culture; Community Development; Latest Grants and Resources in United Kingdom,0.467,,0.305,,,0.611,0.858,,,0.51
https://www2.fundsforngos.org/community-development-2/miller-homes-community-fund-grant-opportunity-for-uk-community-projects/,Miller Homes Community Fund: Grant Opportunity for UK Community Projects,,"The Miller Homes Community Fund offers grants to UK-based organizations aiming to improve their local communities. Eligible groups can apply for funding between £250 and £2,000 to support initiatives that enhance education, wellbeing, the environment, and sports participation. The application window is open from 16 September to 28 October 2026.",,2026-10-28,2026-09-21,: UK-registered organizations with a UK bank account.,,,Community Development; education; Environment; health; Sports & Recreation; Latest Grants and Resources in United Kingdom,0.537,,0.278,,0.248,0.599,0.096,,,0.679
https://www2.fundsforngos.org/community-development-2/port-kembla-community-investment-fund-round-7-funding-opportunity-for/,Port Kembla Community Investment Fund – Round 7: Funding Opportunity for Infrastructure and Community Projects,,"The Port Kembla Community Investment Fund Round 7 is an initiative by the New South Wales Government to support projects that enhance the infrastructure and community amenities in Port Kembla. This funding opportunity aims to revitalize the area through various projects that benefit residents, workers, and visitors. Applications are open until 2 November 2026.",,2026-11-02,2026-09-21,Eligible applicants include: Incorporated associations or community organizations Local Aboriginal Land Councils City of Wollongong (Local Council) Not-for-profit organizations registered with the Australian Charities and Not-for-profits Commission Companies incorporated in Australia Partnerships or Trusts Registered training organizations Aboriginal and Torres Strait Islander Corporations Applicants must have an Australian Business Number (ABN) or Australian Company Number (ACN) and demonstrate,,,Arts & Culture; Business & Industry; Community Development; Environment; Latest Grants and Resources in Australia,0.356,,0.268,,0.253,0.515,0.926,,,0.63
https://www2.fundsforngos.org/community-development-2/community-salmon-program-grants-supporting-salmon-conservation-and/,Community Salmon Program Grants: Supporting Salmon Conservation and Restoration,,"The Pacific Salmon Foundation’s Community Salmon Program offers grants to volunteer and community-driven organizations for salmon conservation and restoration projects. These grants aim to empower community groups, increase public engagement, and foster partnerships to advance salmon recovery in British Columbia (B.C.) and the Yukon. The program aligns with the principles of the United Nations Declaration on the Rights of Indigenous Peoples (UNDRIP) by promoting strong partnerships with First Nations and Indigenous communities. The next application deadline is 15 October.",,,2026-09-21,"Eligible applicants include volunteer groups, not-for-profits, schools, and Indigenous governments in B.C. and the Yukon. Projects must: Support Pacific salmon conservation, enhancement, or restoration. Be community-based with significant volunteer involvement. Seek no more than 50% of project costs from PSF. Have necessary permits and letters of support from relevant agencies and organizations.",,,Community Development; Environment; Indigenous Communities; Latest Grants and Resources in Canada,0.59,,0.327,,,0.611,0.921,,,0.611
https://www2.fundsforngos.org/community-development-2/undp-rfp-strengthening-community-public-health-systems-through-area-based/,UNDP RFP: Strengthening Community Public Health Systems through Area-Based Recovery Approaches,,"The United Nations Development Programme (UNDP) invites proposals for the “Strengthening Community Public Health Systems through Area-Based Recovery Approaches” initiative. This opportunity aims to enhance public health systems in Ukraine through targeted recovery strategies. Proposals must be submitted by 9 October 2026, 10:00 AM (New York time).",,2026-10-09,2026-09-21,Organizations must have a registered supplier profile on the UNDP Quantum Portal. Proposals can be submitted by entities capable of implementing public health recovery strategies in Ukraine.,,,Business & Industry; Community Development; health; Latest Grants and Resources in Ukraine,0.699,,0.301,,0.292,0.688,0.477,,,0.37
https://www2.fundsforngos.org/community-development-2/axter-climate-and-community-fund-supporting-climate-action-and-community/,Axter Climate & Community Fund: Supporting Climate Action and Community Wellbeing in Suffolk,,"The Axter Climate & Community Fund, managed by Suffolk Community Foundation, offers grants to support climate action and community health and wellbeing projects in Suffolk. With a maximum grant of £3,000, this opportunity is open to charities, community groups, and social enterprises. Applications are currently open and will close on 2 October 2023.",,2026-10-02,2026-09-21,Eligible applicants include: Charities Community groups Voluntary and faith groups Social enterprises Applicants must be based in Suffolk and support residents within the county.,,,Community Development; Environment; health; Latest Grants and Resources in United Kingdom,0.679,,0.296,,0.325,0.556,0.921,,,0.506
https://www2.fundsforngos.org/community-development-2/barrie-fiske-youth-leadership-fund-community-action-grant-opportunity/,Barrie Fiske Youth Leadership Fund: Community Action Grant Opportunity,,"The Campaign for Tobacco-Free Kids is offering the Barrie Fiske Youth Leadership Fund Community Action Grant to support youth-led tobacco control projects in the United States. This opportunity provides up to three grants, each valued at up to $5,000. The application deadline is 23 October 2026.","Up to $5,000 per project",2026-10-23,2026-09-21,Eligible Applicants: U.S.-based 501(c)(3) organizations or adult coordinator representatives for qualifying projects Exclusions: Funds cannot be used for staffing costs or lobbying activities,,,Community Development; Narcotics Drugs & Crime; Youth & Adolescents; Latest Grants and Resources in United States,0.437,,0.21,0.741,0.272,0.756,0.875,,,0.548
https://www2.fundsforngos.org/community-development-2/fy27-cultivating-healthy-communities-grant-arts-health-and-well-being-in/,"FY27 Cultivating Healthy Communities Grant: Arts, Health, and Well-Being in Rural Washington",,"The FY27 Cultivating Healthy Communities Grant, offered by the Washington State Arts Commission (ArtsWA), supports arts and cultural initiatives in rural Washington to enhance social connection and community well-being. This grant aims to leverage the arts as a tool for healing and community vitality. Applications are open from 1 September to 6 October 2026, closing at 5:00 p.m.",,2026-10-06,2026-09-21,"Eligible applicants include: 501(c)(3) nonprofit organizations focused on arts, heritage , or culture Social impact nonprofits with distinct project funding Faith-based organizations (projects must be publicly accessible and non-religious) Local Arts Agencies with official designation Tribal Governments",,,Arts & Culture; Community Development; health; Latest Grants and Resources in United States,0.41,,0.395,,0.291,0.692,0.864,,,0.294
https://www2.fundsforngos.org/community-development-2/applications-open-for-place-partnership-fund-new-zealand/,Applications open for Place Partnership Fund (New Zealand),,31-Dec-2026,,,2026-09-18,,,,Community Development; Latest Grants and Resources in New Zealand,0.403,,0.051,,,0.7,,,,0.342
https://www2.fundsforngos.org/community-development-2/rfas-disarmament-non-proliferation-and-security-grant-program/,"RFAs: Disarmament, Non-Proliferation and Security Grant Program",,01-Oct-2026,,,2026-09-18,Eligible applicants are non-profit organizations with significant experience in disarmament and non-proliferation. Applicants must demonstrate : Relevant subject-matter expertise Established professional networks Strong outreach capacity Experience delivering comparable initiatives Capacity to manage grant funding Ability to implement and report on the proposed project Credibility among relevant stakeholders Organizations whose work is primarily commercial or unrelated to international security ,,,,0.437,,0.061,,,0.644,0.885,,,
https://www2.fundsforngos.org/community-development-2/apply-now-for-parks-recreation-and-community-events-grant-program-canada/,"Apply now for Parks, Recreation and Community Events Grant Program (Canada)",,14-Oct-2026,,,2026-09-18,"Eligible applicants must be either: Non-profit societies registered in British Columbia Charitable organizations registered in Canada Applicants must deliver programs, services, or community events that benefit Richmond residents. Organizations should also demonstrate: A clear community mandate Responsible governance Sound financial management Capacity to deliver the proposed activities Alignment with City priorities Evidence of community benefit Who Is Not Eligible? The following cannot apply: ",,,Community Development; health; Sports & Recreation; Latest Grants and Resources in Canada,0.572,,0.06,,,0.716,0.915,,,0.439
https://www2.fundsforngos.org/community-development-2/open-call-gender-inclusive-child-gim-marker-pilot-for-territorial-communities-in-ukraine/,Open Call: Gender-Inclusive Child-GIM Marker Pilot for Territorial Communities in Ukraine,,21-Sep-2026,,,2026-09-18,The opportunity is open to territorial communities across Ukraine.,,,Children; Community Development; Latest Grants and Resources in Ukraine,0.165,,0.056,,,0.691,0.604,,,0.225
https://www2.fundsforngos.org/community-development-2/call-for-applications-festival-support-grant-2027-ireland/,Call for Applications: Festival Support Grant – 2027 (Ireland),,13-Oct-2026,,,2026-09-18,Applicants must be: Community groups; or Voluntary groups. They must also: Be registered with the Public Participation Network. Have a properly constituted committee. Have designated committee officers. Provide a clear festival program. Prepare a promotion plan. Demonstrate inclusive practices. Complete or comply with required online tutorials. Demonstrate sound financial planning. Meet all insurance and safeguarding requirements. Accept the conditions contained in the Grant Offer Letter. Applic,,,Arts & Culture; Community Development; Latest Grants and Resources in Ireland,0.602,,0.056,,,0.611,0.856,,,0.58
https://www2.fundsforngos.org/community-development-2/apply-for-one-stop-community-partnership-programme-uk/,Apply for One Stop Community Partnership Programme (UK),,30-Sep-2026,,,2026-09-18,Applications are open to a broad range of community and not-for-profit organizations in the UK.,,,Community Development; Environment; Family; Poverty Alleviation; Sustainable Development; Youth & Adolescents; Latest Grants and Resources in United Kingdom,0.401,,0.053,,,0.779,0.396,,,0.612
https://www2.fundsforngos.org/community-development-2/open-call-arts-and-culture-operating-grant-program-canada/,Open Call: Arts and Culture Operating Grant Program (Canada),,14-Oct-2026,,,2026-09-18,Applicants must: Be established non-profit organizations. Be based in Richmond. Have a primary mandate in arts practice or cultural expression. Be registered in good standing with the Province of British Columbia and/or as a Canadian charity. Have operated for at least 12 months before the application deadline. Provide ongoing public arts programming. Demonstrate a record of quality programming. Have stable administration. Have stable artistic leadership . Demonstrate fiscal responsibility. Main,,,Arts & Culture; Community Development; Latest Grants and Resources in Canada,0.365,,0.06,,,0.667,0.85,,,0.557
https://www2.fundsforngos.org/community-development-2/2026-bupa-foundation-community-grants-australia-and-new-zealand/,2026 Bupa Foundation Community Grants (Australia and New Zealand),,16-Oct-2026,,,2026-09-18,,,,Community Development; Environment; health; Latest Grants and Resources in Australia; Latest Grants and Resources in New Zealand,0.576,,0.055,,,0.59,,,,0.598
https://www2.fundsforngos.org/community-development-2/rfps-small-grants-competition-within-the-impulse-project-ukraine/,RFPs: Small Grants Competition within the Impulse Project (Ukraine),,25-Nov-2026,,,2026-09-18,"The competition is open to Ukrainian civil society organizations that meet the geographic, registration, experience, and participation requirements. Applicants must: Be registered in an eligible Ukrainian region. Have been registered for at least one year . Have experience implementing public initiatives related to their region. Have team members physically located in Ukraine . Be prepared to participate in the programme’s organizational development activities in person. The eligible regions are",,,Community Development; Democracy & Good Governance; Environment; Sustainable Development; Women & Gender; Latest Grants and Resources in Ukraine,0.313,,0.052,,,0.609,0.888,,,0.613
https://www2.fundsforngos.org/community-development-2/rfps-strengthening-community-resilience-livelihoods-and-nutrition-in-cht-bangladesh/,"RFPs: Strengthening Community Resilience, Livelihoods and Nutrition in CHT (Bangladesh)",,29-Sep-2026,,,2026-09-18,,,,Agriculture Food & Nutrition; Children; Community Development; education; health; Humanitarian Relief; Livelihood; Women & Gender; Latest Grants and Resources in Bangladesh,0.366,,0.054,,,0.7,,,,0.642
