url,title,patent_number,inventors,assignee,filing_date,publication_date,abstract,ipc_classification,document_url,title_confidence,patent_number_confidence,inventors_confidence,assignee_confidence,filing_date_confidence,publication_date_confidence,abstract_confidence,ipc_classification_confidence,document_url_confidence
https://patents.justia.com/patent/20190384861,REAL-TIME GRAPH TRAVERSALS FOR NETWORK-BASED RECOMMENDATIONS,20190384861,"Amol N. Ghoting (San Ramon, CA); Sumit Rangwala (Fremont, CA); Hema Raghavan (Mountain View, CA); Yao Chen (San Jose, CA)","LinkedIn Corporation (Sunnyvale, CA)",2018-06-15,2019-12-19,"The disclosed embodiments provide a system for processing data. During operation, the system obtains a graph containing nodes, edges between the nodes, and attributes of the nodes and the edges. Next, the system stores an in-memory representation of the graph in a set of columns. The system then receives a request for performing one or more computations for traversing the graph, wherein the computation(s) include iterating through subsets of the nodes and additional subsets of the edges. To process the request, the system executes the computation(s) on the stored representation of the graph to generate a near-real-time ranking of candidates for recommending to a member of an online network. Finally, the system transmits, in a response to the request, at least a portion of the near-real-time ranking as connection recommendations in the online network.",G06F 17/30 (20060101),,0.79,0.671,0.927,0.853,0.776,0.618,0.51,0.896,
https://patents.justia.com/patent/10387788,Graph based techniques for predicting results,10387788,"Qiang Zhu (Sunnyvale, CA); John Chao (Foster City, CA); Qingbo Hu (Chicago, IL)","LinkedIn Corporation (Mountain View, CA)",2016-02-18,2019-08-20,"Techniques are provided for determining predicted results for entities based on relatedness of the entities in a graph of nodes. In an embodiment, the graph of nodes is generated based on the determined relatedness of the entities. A node in the graph of nodes represents an entity, and nodes representing entities with known results are assigned those results as their respective node values. The assigned node values are then propagated between the neighboring nodes throughout the graph of nodes in the amount determined by the relatedness of the nodes. Based on the propagation, node values for entities with unknown results are determined and represent the predicted results for those entities. Additionally, various classifiers may be combined with the propagated node values to increase the accuracy of the predicted results.",G06N 7/00 (20060101); G06F 9/50 (20060101); G06F 9/448 (20180101),,0.692,0.823,0.893,0.859,0.798,0.731,0.428,0.92,
https://patents.justia.com/patent/20190102361,AUTOMATICALLY DETECTING AND MANAGING ANOMALIES IN STATISTICAL MODELS,20190102361,"Ajith Muralidharan (Sunnyvale, CA); Yiming Ma (Menlo Park, CA); Florian Raudies (Mountain View, CA); Yi Zhen (San Jose, CA)","LinkedIn Corporation (Sunnyvale, CA)",2017-09-29,2019-04-04,"The disclosed embodiments provide a system for managing the execution of a statistical model. During operation, the system tracks a distribution of one or more metrics related to a performance of a first version of a statistical model. When a deviation in the distribution is detected, the system outputs an alert of an anomaly in the performance of the statistical model. The system also triggers a rollback to a second version of the statistical model.",G06F 17/18 (20060101); G06F 17/30 (20060101); G06Q 10/04 (20060101),,0.751,0.657,0.914,0.853,0.784,0.67,0.38,0.913,
https://patents.justia.com/patent/20190095828,AUTOMATIC RAMP-UP OF CONTROLLED EXPERIMENTS,20190095828,"Ya Xu (Los Altos, CA); Weitao Duan (Mountain View, CA); Shaochen Huang (San Francisco, CA); Mingyue Tan (Burlingame, CA); Shaohua Xie (Santa Clara, CA)","LinkedIn Corporation (Sunnyvale, CA)",2017-09-27,2019-03-28,"The disclosed embodiments provide a system for managing an A/B test. During operation, the system calculates a first risk associated with ramping up exposure to a first A/B test by a first ramp amount. Next, the system uses a first sequential hypothesis test to compare the first risk with a first risk tolerance for the first A/B test. When the first sequential hypothesis test indicates that the first risk is within the first risk tolerance, the system automatically triggers a ramp-up of exposure to the first A/B test by the first ramp amount.",G06Q 10/06 (20060101); G06Q 30/02 (20060101),,0.811,0.671,0.923,0.853,0.776,0.724,0.286,0.853,
https://patents.justia.com/patent/20190081924,DISCOVERING ADDRESS MOBILITY EVENTS USING DYNAMIC DOMAIN NAME SERVICES,20190081924,"Russell I. White (Apex, NC); Shafagh Zandi (San Francisco, CA)","LinkedIn Corporation (Sunnyvale, CA)",2017-09-11,2019-03-14,"The disclosed embodiments provide a system for discovering address mobility events. Upon detecting a loss of data over a connection with a service at an Internet Protocol (IP) address, the system invalidates a domain name system (DNS) cache on the computer system without waiting for the connection to fail. Next, the system obtains, in response to the invalidated DNS cache, an updated DNS record for the service. The system then uses a new IP address in the updated DNS record to establish a new connection with the service.",H04L 29/12 (20060101); H04L 12/26 (20060101),,0.734,0.662,0.872,0.853,0.778,0.7,0.286,0.891,
https://patents.justia.com/patent/20190079994,AUTOMATIC FEATURE PROFILING AND ANOMALY DETECTION,20190079994,"Weiqin Ma (San Jose, CA); Wenxuan Gao (Santa Clara, CA); Weidong Zhang (San Jose, CA); Hong Lu (Fremont, CA)","LinkedIn Corporation (Sunnyvale, CA)",2017-09-12,2019-03-14,"The disclosed embodiments provide a system for processing data. During operation, the system obtains a set of features for use with one or more statistical models. Next, the system generates feature profiling data containing a set of statistics for the set of features. The system then outputs the feature profiling data for use in characterizing a distribution of the features. Furthermore, the system updates the outputted feature profiling data based on a granularity associated with the statistics. Finally, the system uses the statistics in the feature profiling data to perform anomaly detection and alerts users if unexpected feature distribution change is detected.",G06F 17/30 (20060101),,0.824,0.644,0.917,0.853,0.774,0.7,0.378,0.896,
https://patents.justia.com/patent/20190079957,"CENTRALIZED FEATURE MANAGEMENT, MONITORING AND ONBOARDING",20190079957,"Wenxuan Gao (Santa Clara, CA); Weiqin Ma (San Jose, CA); Weidong Zhang (San Jose, CA); Hong Lu (Fremont, CA)","LinkedIn Corporation (Sunnyvale, CA)",2017-09-12,2019-03-14,"The disclosed embodiments provide a system for processing data. During operation, the system obtains a set of features for use by a set of statistical models. Next, the system generates a schema that includes a logical description of data represented by the features and a physical description related to generating and storing the features. The system then outputs the schema for use in managing and sharing the features across the statistical models. Finally, the system updates the outputted schema to reflect one or more parameters from a user.",G06F 17/30 (20060101); G06Q 10/10 (20060101),,0.795,0.641,0.913,0.853,0.774,0.7,0.546,0.888,
https://patents.justia.com/patent/20190043063,MODEL-BASED ASSESSMENT AND IMPROVEMENT OF RELATIONSHIPS,20190043063,"Mads Johnsen (San Jose, CA); Jason C. Phan (San Francisco, CA); Ronak Shah (San Francisco, CA); Wei Ling Heng (San Francisco, CA); Jessie Tang (San Jose, CA); Gloria Yang (San Francisco, CA)","LinkedIn Corporation (Sunnyvale, CA)",2017-08-07,2019-02-07,"The disclosed embodiments provide a system for processing data. During operation, the system obtains an engagement metric correlated with successful usage of a product by a set of customers. Next, the system identifies a threshold for the engagement metric that represents a change in customer growth for the product. The system then uses the threshold and a value of the engagement metric for a customer to characterize a revenue quality of a customer with the product. Finally, the system outputs the revenue quality and the value of the engagement metric for use in managing interaction with the customer.",G06Q 30/02 (20060101); G06Q 50/00 (20060101); H04L 29/08 (20060101); G06F 17/30 (20060101),,0.788,0.635,0.934,0.853,0.79,0.725,0.362,0.899,
https://patents.justia.com/patent/20190026334,DISTRIBUTED GRAPH DATABASE WRITES,20190026334,"Xiaobin Ma (Fremont, CA); Scott M. Meyer (Berkeley, CA); Andrew Rodriguez (Palo Alto, CA); Walaa Eldin M. Moustafa (Santa Clara, CA)","LinkedIn Corporation (Sunnyvale, CA)",2017-07-20,2019-01-24,"The disclosed embodiments provide a system for processing queries of a graph database. During operation, the system executes a set of processes for maintaining the graph database storing a graph, wherein the graph includes a set of nodes, a set of edges between pairs of nodes in the set of nodes, and a set of predicates. When a write query of the graph database is received, the system uses one or more of the processes to process the write query by using a schema of the graph database to validate the write query. Next, the system transmits the validated write query to a set of shards containing the graph database. Finally, the system processes the write query at each shard when a shard identifier representing the shard is matched to one or more attributes in the write query.",G06F 17/30 (20060101); G06F 17/10 (20060101),,0.002,0.655,0.932,0.853,0.805,0.695,0.472,0.86,
https://patents.justia.com/patent/20190019258,AGGREGATING MEMBER FEATURES INTO COMPANY-LEVEL INSIGHTS FOR DATA ANALYTICS,20190019258,"Songtao Guo (Cupertino, CA); Wei Di (Cupertino, CA); Juan Wang (Los Altos, CA)","LinkedIn Corporation (Sunnyvale, CA)",2017-07-12,2019-01-17,"The disclosed embodiments provide a system for processing data. During operation, the system obtains member features for members of a social network, wherein the member features include a company. The system also obtains a definition of a member segment, wherein the definition includes one or more of the member features. Next, the system identifies a subset of the members for inclusion in the member segment using the one or more of the member features. The system then aggregates the member features by the company to generate a set of company features for the company and aggregates the company features by the member segment to generate additional company features for inclusion in the set of company features. Finally, the system outputs the company features for use in processing queries related to the company.",G06Q 50/00 (20060101); G06F 17/30 (20060101); G06Q 10/06 (20060101),,0.759,0.656,0.908,0.853,0.799,0.709,0.386,0.901,
https://patents.justia.com/patent/20180373615,"TUNABLE, EFFICIENT MONITORING OF CAPACITY USAGE IN DISTRIBUTED STORAGE SYSTEMS",20180373615,"Ming Xia (San Jose, CA); Sivabalan Narayanan (Santa Clara, CA); Xun Yin (Toronto); Ashish Singhai (Los Altos, CA)","LinkedIn Corporation (Sunnyvale, CA)",2017-09-01,2018-12-27,"The disclosed embodiments provide a system for monitoring resource usage statistics. During operation, the system obtains a set of expiration times associated with usage of the resource. Next, the system selects a first limit to a number of time slots for use in calculating usage statistics for the resource based on a memory efficiency associated with calculating the usage statistics for the resource. The system then populates, up to the first limit, a set of time slots after a current time with the expiration times. When a time slot in the set of time slots includes the current time, the system uses a subset of the expiration times in the time slot to update one or more usage statistics for the resource. Finally, the system outputs the one or more usage statistics for use in managing the usage of the resource.",G06F 11/34 (20060101); G06F 12/02 (20060101); G06F 3/06 (20060101); G06F 9/50 (20060101); G06F 11/30 (20060101),,0.757,0.638,0.939,0.853,0.786,0.608,0.267,0.862,
https://patents.justia.com/patent/20180368277,FLEXIBLE CHASSIS FOR INSTALLING ELECTRONIC EQUIPMENT IN A RACK,20180368277,"Yuval Bachar (Sunnyvale, CA); Jacob R. Rose (San Jose, CA); Brad A. Peterson (San Jose, CA); Eric Wendorf (Elk Grove, CA)","LinkedIn Corporation (Sunnyvale, CA)",2017-09-19,2018-12-20,"A flexible architecture for installing electronic equipment in a data center rack is provided, in the form of a virtual chassis. The virtual chassis simultaneously accepts multiple types of equipment items (e.g., computing devices, storage devices, communication devices) and/or multiple versions of a given type of equipment item, by altering the physical configuration of the chassis. As a result, cells or spaces of multiple different form-factors may be defined for receiving the equipment. Also, services such as data and power may be pre-attached to a virtual chassis so that when a computer server or other item is installed, it is automatically connected to the services without separate effort. One or more electronic equipment items, when installed in a cell of the chassis, may mate automatically with multiple data connectors and/or power connectors.",H05K 7/14 (20060101); H05K 7/18 (20060101),,0.756,0.647,0.88,0.853,0.795,0.637,0.496,0.921,
https://patents.justia.com/patent/20180357330,COMPOUND INDEXES FOR GRAPH DATABASES,20180357330,"Andrew Rodriguez (Palo Alto, CA); Scott M. Meyer (Berkeley, CA); Andrew J. Carter (Mountain View, CA); Walaa Eldin M. Moustafa (Santa Clara, CA)","LinkedIn Corporation (Sunnyvale, CA)",2017-06-09,2018-12-13,"The disclosed embodiments provide a system for processing queries of a graph database. During operation, the system executes a set of processes for processing queries of a graph database storing a graph, wherein the graph comprises a set of nodes, a set of edges between pairs of nodes in the set of nodes, and a set of predicates. When a query of the graph database is received, the system performs a lookup of a hash map to obtain one or more offsets into a compound store for the graph database, which includes identity-giving nodes for a set of tuples in the graph database. Next, the system accesses the offset(s) in the compound store to obtain a subset of tuples matching the query. The system then uses the subset of tuples to generate a result of the query and provides the result in a response to the query.",G06F 17/30 (20060101),,0.842,0.656,0.913,0.853,0.789,0.616,0.527,0.896,
https://patents.justia.com/patent/20180357329,SUPPORTING TUPLES IN LOG-BASED REPRESENTATIONS OF GRAPH DATABASES,20180357329,"Scott M. Meyer (Berkeley, CA); Andrew J. Carter (Mountain View, CA); Andrew Rodriguez (Palo Alto, CA); Walaa Eldin M. Moustafa (Santa Clara, CA)","LinkedIn Corporation (Sunnyvale, CA)",2017-06-09,2018-12-13,"The disclosed embodiments provide a system for processing queries of a graph database. During operation, the system executes a set of processes for processing queries of a graph database storing a graph, wherein the graph comprises a set of nodes, a set of edges between pairs of nodes in the set of nodes, and a set of predicates. When a query of the graph database is received, the system obtains, from the query, a compound comprising a compound type and a set of identity-giving nodes. Next, the system uses the compound to access a tuple for storage in a log-based representation of the graph database, wherein the tuple includes the compound type and the identity-giving nodes. The system then uses the tuple to generate a result of the query and provides the result in a response to the query.",G06F 17/30 (20060101),,0.78,0.627,0.905,0.853,0.789,0.616,0.527,0.896,
https://patents.justia.com/patent/20180357278,PROCESSING AGGREGATE QUERIES IN A GRAPH DATABASE,20180357278,"Walaa Eldin M. Moustafa (Santa Clara, CA); Andrew J. Carter (Mountain View, CA); Andrew Rodriguez (Palo Alto, CA); Scott M. Meyer (Berkeley, CA)","LinkedIn Corporation (Sunnyvale, CA)",2017-06-09,2018-12-13,"The disclosed embodiments provide a system for processing queries of a graph database. During operation, the system executes one or more processes for providing the graph database storing a graph, wherein the graph includes a set of nodes, a set of edges between pairs of nodes in the set of nodes, and a set of predicates. Next, the system obtains, from the query, an aggregation by a first attribute and a grouping by a second attribute. The system then uses the second attribute to generate a set of groupings of records in the graph database. For each grouping in the set of groupings, the system applies the aggregation to the first attribute in a subset of the records in the grouping to generate an aggregation result. Finally, the system uses the aggregation result to provide a response to the query.",G06F 17/30 (20060101),,0.765,0.642,0.918,0.853,0.789,0.616,0.522,0.896,
https://patents.justia.com/patent/20180357328,FUNCTIONAL EQUIVALENCE OF TUPLES AND EDGES IN GRAPH DATABASES,20180357328,"Scott M. Meyer (Berkeley, CA); Andrew J. Carter (Mountain View, CA); Andrew Rodriguez (Palo Alto, CA); Walaa Eldin M. Moustafa (Santa Clara, CA)","LinkedIn Corporation (Sunnyvale, CA)",2017-06-09,2018-12-13,"The disclosed embodiments provide a system for processing queries of a graph database. During operation, the system executes a set of processes for processing queries of a graph database storing a graph, wherein the graph comprises a set of nodes, edges between pairs of nodes, and a set of predicates. Next, the system obtains a first query containing a first tuple and a second query containing a first subset of edges. The system transforms the first tuple into a second subset of edges and the first subset of edges into a second tuple. Finally, the system uses the second subset of edges to generate a first result of the first query and the second tuple to generate a second result of the second query, and provides the first result in a first response to the first query and the second result in a second response to the second query.",G06F 17/30 (20060101),,0.813,0.646,0.905,0.853,0.789,0.616,0.545,0.896,
https://patents.justia.com/patent/20180349443,EDGE STORE COMPRESSION IN GRAPH DATABASES,20180349443,"Andrew J. Carter (Mountain View, CA); Andrew Rodriguez (Palo Alto, CA); Srinath Shankar (Mountain View, CA); Scott M. Meyer (Berkeley, CA)","LinkedIn Corporation (Sunnyvale, CA)",2017-05-31,2018-12-06,"The disclosed embodiments provide a system for processing and storing data. During operation, the system obtains a set of records sorted by a first integer value, with each record containing the first integer value and one or more additional integer values. The system sets, for each integer value in each record, a delta encoding bit that indicates whether the integer value is delta encoded with respect to at least one other integer value in the records. Next, the system uses a delta encoding state represented by the delta encoding bit to calculate an encoded value from the integer value. The system then encodes a length of the encoded value in a length tag for the integer value and replaces the integer value in the record with an encoded version containing the delta encoding bit, the length tag, and the encoded value.",G06F 17/30 (20060101),,0.789,0.637,0.91,0.853,0.789,0.666,0.404,0.896,
https://patents.justia.com/patent/20180349606,ESCALATION-COMPATIBLE PROCESSING FLOWS FOR ANTI-ABUSE INFRASTRUCTURES,20180349606,"Jie Zhang (Sunnyvale, CA); Tzu-Han Jan (Sunnyvale, CA); Xi Sun (Sunnyvale, CA); Grace W. Tang (Los Altos, CA); Sahil Handa (Sunnyvale, CA); Vladimir I. Shlosberg (San Francisco, CA)","LinkedIn Corporation (Sunnyvale, CA)",2017-05-31,2018-12-06,"The disclosed embodiments provide a system for processing user actions with a service. During operation, the system uses a statistical model to obtain a first metric associated with a user action received by a service. Next, the system applies a set of static decisions to the metric and one or more attributes of the user action to determine a first response to the user action. The system then uses a set of dynamic rules to produce a first modification to the first response. Finally, the system generates output for applying the first response to the user action.",G06F 21/57 (20060101); G06N 7/00 (20060101),,0.848,0.639,0.933,0.853,0.789,0.666,0.418,0.817,
https://patents.justia.com/patent/20180349179,CENTRALIZED FLEXIBLE DEPLOYMENT SYSTEM,20180349179,"Timothy D. Worboys (Sunnyvale, CA); Sergei V. Titov (Mountain View, CA); John Rabedeau (Redwood City, CA); James D. Langille (Sunnyvale, CA); Menglin L. Brown (Redwood City, CA); Joyce Victoria Wang (Mountain View, CA); Jinzheng Sha (Sunnyvale, CA); Sergey Leshchenko (San Francisco, CA); Shane M. Watson (Fremont, CA)","LinkedIn Corporation (Sunnyvale, CA)",2017-05-31,2018-12-06,"The disclosed embodiments provide a system for managing deployment of a software product. During operation, the system obtains a current state and a set of steps in a deployment workflow for the product. Upon receiving a request to deploy the product in a next step following the current state in the deployment workflow, the system identifies a deployment window containing a start time and an end time in a deployment schedule for the product. When the deployment window is open, the system uses the deployment workflow to automatically initiate deployment of the product to an environment representing the next step.",G06F 9/48 (20060101); G06F 9/50 (20060101); G06F 9/445 (20060101),,0.796,0.633,0.974,0.853,0.789,0.666,0.468,0.823,
https://patents.justia.com/patent/20180300755,SEGMENTING CUSTOMERS OF EDUCATIONAL TECHNOLOGY PRODUCTS,20180300755,"Sandeep Rohilla (Belmont, CA); He Liu (San Francisco, CA); Yue Li (Fremont, CA); Zhaoying Han (Mountain View, CA)","LinkedIn Corporation (Sunnyvale, CA)",2017-04-13,2018-10-18,"The disclosed embodiments provide a system for processing data. During operation, the system obtains a set of features associated with a customer, wherein the set of features includes profile data from an online professional network and one or more standardized features related to a role of the customer. Next, the system applies a set of whitelists and a set of blacklists to the features to identify a market segment for the customer. The system then uses the market segment to generate output for use in targeting the customer with an educational technology product.",G06Q 30/02 (20060101),,0.758,0.656,0.912,0.853,0.79,0.651,0.367,0.86,
https://patents.justia.com/patent/20180300764,MODELING CUSTOMER ACQUISITION PROPENSITIES FOR EDUCATIONAL TECHNOLOGY PRODUCTS,20180300764,"Sandeep Rohilla (Belmont, CA); Zhaoying Han (Mountain View, CA); Aayush S. Mahendru (Santa Clara, CA)","LinkedIn Corporation (Sunnyvale, CA)",2017-04-13,2018-10-18,"The disclosed embodiments provide a system for processing data. During operation, the system obtains a set of features associated with a customer, wherein the set of features includes profile data from an online professional network. Next, the system uses a statistical model and the features to predict a likelihood of acquiring the customer for an educational technology product. The system then uses the likelihood to generate output for use in targeting the customer with the educational technology product.",G06Q 30/02 (20060101); G06N 5/04 (20060101),,0.816,0.662,0.911,0.853,0.79,0.651,0.348,0.861,
https://patents.justia.com/patent/20180295044,AUTOMATED MANAGEMENT OF SERVICE INSTANCES,20180295044,"Jason R. Johnson (San Jose, CA); Steven C. Ihde (San Carlos, CA); Jingshu Xia (Cupertino, CA)","LinkedIn Corporation (Sunnyvale, CA)",2017-04-05,2018-10-11,"A system, apparatus, and methods are provided for automatically managing a collection of service instances. A selected or random instance of the service isredline-tested to determine a maximum level of sustained and stable performance (e.g., a maximum or approximate maximum load or throughput of the service instance). This redline value may represent a highest service request rate (e.g., in queries per second or qps) that should be delivered to some or all instances of the service. An expected range of demand for the service is then estimated for a future time period, possibly from analysis and/or observations of past demand, and a maximum and minimum number of instances for handling that range of demand, at an acceptable level of performance, can be determined. During the time period, additional instances may be created and superfluous instances may be removed automatically, based on actual demand.",H04L 12/26 (20060101); H04L 29/08 (20060101),,0.719,0.594,0.879,0.853,0.796,0.615,0.391,0.886,
https://patents.justia.com/patent/20180295094,REDUCING LATENCY DURING DOMAIN NAME RESOLUTION IN NETWORKS,20180295094,"Russell I. White (Apex, NC); Shafagh Zandi (San Francisco, CA)","LinkedIn Corporation (Sunnyvale, CA)",2017-04-05,2018-10-11,"The disclosed embodiments provide a system that performs domain name resolution. During operation, the system uses one or more attributes of a Domain Name System (DNS) query to identify a membership of the DNS query in a grouping of related DNS queries. Next, the system obtains a set of DNS records for resolving the related DNS queries. The system then expedites resolution of subsequent DNS queries in the grouping by transmitting the set of DNS records in a response to the DNS query.",H04L 29/12 (20060101); H04L 29/08 (20060101),,0.705,0.618,0.872,0.853,0.796,0.615,0.634,0.875,
https://patents.justia.com/patent/20180285906,AUTOMATICALLY PRIORITIZING SALES LEADS FOR EDUCATIONAL TECHNOLOGY PRODUCTS,20180285906,"Ming M. Ng (Santa Barbara, CA); Zhaoying Han (Mountain View, CA); Sandeep Rohilla (Belmont, CA); Coleman Patrick King; III (Brooklyn, NY); Tony Yin (Millbrae, CA)","LinkedIn Corporation (Sunnyvale, CA)",2017-04-03,2018-10-04,"The disclosed embodiments provide a system for processing data. During operation, the system obtains a set of features associated with a sales lead for an educational technology product, wherein the set of features includes profile data from an online professional network. Next, the system uses the set of features to generate a set of quality indicators for the sales lead. The system then aggregates the quality indicators into a lead score representing a quality of the sales lead. Finally, the system outputs the lead score for use in managing sales activity with the sales lead.",G06Q 30/02 (20060101); G06Q 50/20 (20060101); G06Q 50/00 (20060101),,0.642,0.666,0.939,0.853,0.792,0.598,0.416,0.742,
https://patents.justia.com/patent/20180285759,ONLINE HYPERPARAMETER TUNING IN DISTRIBUTED MACHINE LEARNING,20180285759,"Ian B. Wood (Bloomington, IN); Xu Miao (Los Altos, CA); Chang-Ming Tsai (Fremont, CA); Joel D. Young (Milpitas, CA)","LinkedIn Corporation (Sunnyvale, CA)",2017-04-03,2018-10-04,"The disclosed embodiments provide a system for performing online hyperparameter tuning in distributed machine learning. During operation, the system uses input data for a first set of versions of a statistical model for a set of entities to calculate a batch of performance metrics for the first set of versions. Next, the system applies an optimization technique to the batch to produce updates to a set of hyperparameters for the statistical model. The system then uses the updates to modulate the execution of a second set of versions of the statistical model for the set of entities. When a new entity is added to the set of entities, the system updates the set of hyperparameters with a new dimension for the new entity.",G06N 7/02 (20060101); G06N 3/04 (20060101); G06F 15/18 (20060101); G06N 3/08 (20060101); G06N 99/00 (20060101); G06F 17/30 (20060101),,0.783,0.645,0.918,0.853,0.792,0.598,0.362,0.913,
https://patents.justia.com/patent/20180285908,EVALUATING POTENTIAL SPENDING FOR CUSTOMERS OF EDUCATIONAL TECHNOLOGY PRODUCTS,20180285908,"Zhaoying Han (Mountain View, CA); Yiying Cheng (Mountain View, CA); Juan Wang (Los Altos, CA); Wenjing Zhang (Menlo Park, CA)","LinkedIn Corporation (Sunnyvale, CA)",2017-04-03,2018-10-04,"The disclosed embodiments provide a system that processes data. During operation, the system obtains a set of features for a customer of an educational technology product. Next, the system uses an account type of the customer to select a statistical model from a set of statistical models for evaluating potential customer spending with the educational technology product. The system then uses the statistical model and the features to predict a potential spending of the customer with the educational technology product. Finally, the system outputs the potential spending for use in managing sales activity with the customer.",G06Q 30/02 (20060101); G06Q 50/20 (20060101); G06Q 10/06 (20060101),,0.674,0.653,0.94,0.853,0.792,0.598,0.369,0.879,
https://patents.justia.com/patent/20180262592,PROPAGATING NETWORK CONFIGURATION POLICIES USING A PUBLISH-SUBSCRIBE MESSAGING SYSTEM,20180262592,"Shafagh Zandi (San Francisco, CA); Russell I. White (Apex, NC); Zaid A. Kahn (San Francisco, CA); Vikas Kumar (Sunnyvale, CA)","LinkedIn Corporation (Sunnyvale, CA)",2017-03-08,2018-09-13,"The disclosed embodiments provide a system for propagating network configuration policies using a publish-subscribe messaging system. During operation, the system receives, through the publish-subscribe messaging system, one or more messages containing a first representation of a configuration policy from a policy server. Next, the system uses a data model to convert the first representation into a second representation of the configuration policy. The system then uses the second representation to apply the configuration policy during processing of network traffic.",H04L 29/08 (20060101); H04L 12/24 (20060101),,0.815,0.638,0.901,0.853,0.804,0.673,0.43,0.13,
https://patents.justia.com/patent/20180262585,SUB-SECOND NETWORK TELEMETRY USING A PUBLISH-SUBSCRIBE MESSAGING SYSTEM,20180262585,"Shafagh Zandi (San Francisco, CA); Russell I. White (Apex, NC); Zaid A. Kahn (San Francisco, CA); Saikrishna Mangala Kotha (San Jose, CA)","LinkedIn Corporation (Sunnyvale, CA)",2017-03-08,2018-09-13,"The disclosed embodiments provide a system for performing sub-second network telemetry using a publish-subscribe messaging system. During operation, the system obtains, through the publish-subscribe messaging system, a stream of messages from a set of nodes connected by a set of links in a network. Next, the system analyzes network telemetry data associated with the nodes from the stream of messages. The system then outputs a telemetry result for the network based on the analyzed network telemetry data.",H04L 29/08 (20060101); H04L 12/24 (20060101),,0.298,0.623,0.913,0.853,0.804,0.673,0.401,0.13,
https://patents.justia.com/patent/20180262454,NETWORK ROUTING USING A PUBLISH-SUBSCRIBE MESSAGING SYSTEM,20180262454,"Shafagh Zandi (San Francisco, CA); Russell I. White (Apex, NC); Ignacio Solis (Scotts Valley, CA)","LinkedIn Corporation (Sunnyvale, CA)",2017-03-08,2018-09-13,"The disclosed embodiments provide a system for performing network routing using a publish-subscribe messaging system. During operation, a node in the system detects a first change in reachability within the network. Next, the node generates a first message comprising the first change for receipt by other nodes in the network through a publish-subscribe messaging system. The node then transmits the first message to the publish-subscribe messaging system. Another node receives the first message, updates a routing database at the other node to reflect the first change, and uses the updated routing database to process network traffic.",H04L 12/58 (20060101); H04L 12/24 (20060101); H04L 29/08 (20060101),,0.674,0.622,0.876,0.853,0.804,0.673,0.547,0.935,
https://patents.justia.com/patent/20180262392,AUTOMATICALLY DETECTING ROLES OF NODES IN LAYERED NETWORK TOPOLOGIES,20180262392,"Russell I. White (Apex, NC); Shafagh Zandi (San Francisco, CA); Zaid A. Kahn (San Francisco, CA)","LinkedIn Corporation (Sunnyvale, CA)",2017-03-08,2018-09-13,"The disclosed embodiments provide a system that automatically detects a role of a node in a network with a layered topology. During operation, the system uses a local shortest path tree (SPT) for a node in a network with a layered topology to identify one or more additional nodes in the network that are farthest from the node. Next, the system compares the local SPT with a remote SPT for the one or more additional nodes to identify a position of the node in the layered topology. The system then outputs the position of the node for use in configuring the operation of the node in the network.",H04L 12/24 (20060101); H04L 12/753 (20060101); H04L 12/58 (20060101),,0.791,0.637,0.88,0.853,0.804,0.673,0.602,0.936,
https://patents.justia.com/patent/20180254999,MULTIDIMENSIONAL RESOURCE ALLOCATION IN DATA CENTERS,20180254999,"Allan M. Caffee (Sunnyvale, CA); Pankit Thapar (Santa Clara, CA)","LinkedIn Corporation (Sunnyvale, CA)",2017-03-06,2018-09-06,"The disclosed embodiments provide a system for allocating resources to an application. During operation, the system obtains a set of resource requirements for the application, wherein the resource requirements include a processor allocation and a memory allocation. Next, the system identifies a set of hosts in a set of racks with available resources that meet the resource requirements. The system then selects, for the application, a rack in the set of racks based on a priority associated with resource allocation for the application and a host in the rack based on one or more additional priorities associated with resource allocation for the application. Finally, the system allocates the resources on the host to the application.",H04L 12/911 (20060101),,0.877,0.654,0.866,0.853,0.805,0.702,0.413,0.913,
https://patents.justia.com/patent/20180253515,CHARACTERIZING MODEL PERFORMANCE USING HIERARCHICAL FEATURE GROUPS,20180253515,"Wei Di (Cupertino, CA)","LinkedIn Corporation (Sunnyvale, CA)",2017-03-03,2018-09-06,"The disclosed embodiments provide a system for processing data. During operation, the system uses a hierarchical structure of features inputted into a statistical model to obtain a set of groups of the features. Next, the system uses the groups as input to a set of view models for estimating an output of the statistical model. The system then applies the view models to the features to generate a set of view model outputs, wherein each view model output in the set of view model outputs represents an effect of a group in the set of groups on an output of the statistical model. Finally, the system outputs the view model outputs for use in characterizing a performance of the statistical model.",G06F 17/50 (20060101); G06F 17/18 (20060101),,0.856,0.627,0.89,0.853,0.811,0.702,0.467,0.863,
https://patents.justia.com/patent/20180239796,MULTI-TENANT DISTRIBUTION OF GRAPH DATABASE CACHES,20180239796,"Yongling Song (Dublin, CA); Jane Alam Jan (Santa Clara, CA); Brent D. Miller (Sunnyvale, CA); Tianqiang Li (Fremont, CA)","LinkedIn Corporation (Sunnyvale, CA)",2017-02-21,2018-08-23,"The disclosed embodiments provide a system for performing multi-tenancy distribution of a graph database cache. During operation, the system obtains a cache of a set of records in a graph database storing a graph, wherein the graph includes a set of nodes, a set of edges between pairs of nodes in the set of nodes, and a set of predicates. Next, the system identifies one or more records in the cache that fail a validation test. The system then merges a remainder of the cache with online updates to the subset of records to produce a merged version of the cache. Finally, the system distributes the merged version to one or more instances of the graph database for use in processing queries of the graph database.",G06F 17/30 (20060101),,0.821,0.617,0.928,0.853,0.81,0.643,0.469,0.896,
https://patents.justia.com/patent/20180218625,LEARNER ENGAGEMENT IN ONLINE DISCUSSIONS,20180218625,"Dhananjay R. Ragade (Palo Alto, CA); Nishit Tewari (San Francisco, CA)","LinkedIn Corporation (Sunnyvale, CA)",2017-01-27,2018-08-02,"The disclosed embodiments provide a system that improves learner engagement in online discussions. During operation, the system selects an experience level for use in moderating answers to a question submitted to an online forum. Next, the system matches the experience level to a first subset of users in a set of potential respondents to the question. The system then improves an engagement of the first subset of users with the online forum by generating output that targets the first subset of users with the question, prior to displaying the question to a first remainder of the potential respondents that does not include the first subset of users.",G09B 7/02 (20060101); H04L 12/58 (20060101),,0.196,0.67,0.891,0.853,0.797,0.646,0.378,0.855,
https://patents.justia.com/patent/20180211260,MODEL-BASED ROUTING AND PRIORITIZATION OF CUSTOMER SUPPORT TICKETS,20180211260,"Yongzheng Zhang (San Jose, CA); Yi Zheng (Cupertino, CA); Chi-Yi Kuan (Fremont, CA); Rui Zhao (Mountain View, CA)","LinkedIn Corporation (Sunnyvale, CA)",2017-01-25,2018-07-26,"The disclosed embodiments provide a system for processing data. During operation, the system obtains training data containing a first set of customer support tickets and a first set of categories assigned to the first set of customer support tickets by customer support agents. Next, the system uses the training data to produce a statistical model for classifying the customer support tickets into the categories. The system then uses the statistical model to classify a second set of customer support tickets into a second set of categories. Finally, the system generates output for routing the second set of customer support tickets to the customer support agents according to the second set of categories.",G06Q 30/00 (20060101); G06N 99/00 (20060101),,0.674,0.662,0.926,0.853,0.802,0.7,0.279,0.855,
https://patents.justia.com/patent/20180212881,LOAD-BASED COMPRESSION OF FORWARDING TABLES IN NETWORK DEVICES,20180212881,"Russell I. White (Apex, NC); Shafagh Zandi (San Francisco, CA); Zaid A. Kahn (San Francisco, CA)","LinkedIn Corporation (Sunnyvale, CA)",2017-01-20,2018-07-26,"The disclosed embodiments provide a system that performs load-based compression of a forwarding table for a node in a network. During operation, the system obtains link utilizations for a set of physical links connected to the node. Next, the system uses the link utilizations to update a set of entries in a forwarding table of the node for use in balancing load across the set of physical links. The system then uses the set of entries to process network traffic at the node.",H04L 12/803 (20060101); H04L 12/26 (20060101); H04L 12/741 (20060101),,0.862,0.641,0.88,0.853,0.803,0.7,0.547,0.911,
https://patents.justia.com/patent/20180212860,AUTOMATICALLY DETECTING POTENTIAL MICROLOOP CONDITIONS ASSOCIATED WITH NETWORK CONVERGENCE,20180212860,"Russell I. White (Apex, NC); Shafagh Zandi (San Francisco, CA); Zaid A. Kahn (San Francisco, CA)","LinkedIn Corporation (Sunnyvale, CA)",2017-01-20,2018-07-26,"The disclosed embodiments provide a system that automatically detects a potential microloop condition associated with network convergence. During operation, the system obtains a topology for a network containing a set of nodes connected by a set of links. Next, the system uses the topology to detect a ring containing at least four hops in the network. The system then outputs an indication of a potential microloop condition associated with one or more nodes on the ring to improve improve routing of network traffic by the one or more nodes.",H04L 12/751 (20060101); H04L 12/705 (20060101); H04L 12/933 (20060101); H04L 12/733 (20060101),,0.81,0.659,0.88,0.853,0.803,0.7,0.464,0.933,
https://patents.justia.com/patent/20180211268,MODEL-BASED SEGMENTATION OF CUSTOMERS BY LIFETIME VALUES,20180211268,"Xing Zhou (Mountain View, CA); Wenrong Zeng (Sunnyvale, CA); Juan Wang (Los Altos, CA)","LinkedIn Corporation (Sunnyvale, CA)",2017-01-20,2018-07-26,"The disclosed embodiments provide a system for processing data. During operation, the system obtains a set of predicted growth rates for a first set of customers of a product. Next, the system uses a set of features comprising the predicted growth rates to generate a set of customer segments for the product, wherein each customer segment in the set of customer segments includes a similar growth rate and a similar potential spending. For each customer segment in the set of customer segments, the system uses the similar growth rate and the similar potential spending to calculate a customer lifetime value (CLV) for the customer segment. Finally, the system outputs the CLV with a second set of customers assigned to the customer segment for use in managing sales activity with the second set of customers.",G06Q 30/02 (20060101); G06F 17/18 (20060101),,0.913,0.66,0.935,0.853,0.803,0.7,0.393,0.847,
https://patents.justia.com/patent/20180165349,GENERATING AND ASSOCIATING TRACKING EVENTS ACROSS ENTITY LIFECYCLES,20180165349,"William G. Vaughan (Mountain View, CA)","LinkedIn Corporation (Sunnyvale, CA)",2016-12-14,2018-06-14,"The disclosed embodiments provide a system for processing data. During operation, the system provides a schema for including, by a set of components in a multi-tier architecture, a tracking identifier for an entity instance in the multi-tier architecture. Next, the system identifies, from a set of tracking events received from the multi-tier architecture, a subset of the tracking events containing the tracking identifier. The system then groups the subset of the tracking events into an entity lifecycle for the entity instance. Finally, the system outputs the entity lifecycle for use in assessing a performance of the multi-tier architecture by a consumer of tracking data.",G06F 17/30 (20060101); G06F 7/08 (20060101),,0.866,0.668,0.927,0.853,0.779,0.685,0.417,0.875,
https://patents.justia.com/patent/20180150543,UNIFIED MULTIVERSIONED PROCESSING OF DERIVED DATA,20180150543,"Dan Shacham (Sunnyvale, CA); Bryan S. Hsueh (Fremont, CA); Sertan Alkan (San Mateo, CA); Amit Yadav (Milpitas, CA); Ashish Gupta (San Jose, CA); Bee-Chung Chen (San Jose, CA)","LinkedIn Corporation (Sunnyvale, CA)",2016-11-30,2018-05-31,"The disclosed embodiments provide a system for processing data. During operation, the system obtains a set of derived data sets for use by a set of clients. For each derived data set in the set of derived data sets, the system produces a default version of the derived data set from multiple versions of the derived data set. The system then outputs the default version and the multiple versions for retrieval by the set of clients through an online data store, an offline data store, and a nearline data store.",G06F 17/30 (20060101); G06F 7/20 (20060101),,0.843,0.662,0.914,0.853,0.775,0.649,0.256,0.865,
https://patents.justia.com/patent/20180144061,EDGE STORE DESIGNS FOR GRAPH DATABASES,20180144061,"Andrew Rodriguez (Palo Alto, CA); Andrew J. Carter (Mountain View, CA); Scott M. Meyer (Berkeley, CA); Srinath Shankar (Mountain View, CA)","LinkedIn Corporation (Sunnyvale, CA)",2016-11-23,2018-05-24,"The disclosed embodiments provide a system for processing queries of a graph database. During operation, the system executes a set of processes for processing queries of a graph database storing a graph, wherein the graph comprises a set of nodes, a set of edges between pairs of nodes in the set of nodes, and a set of predicates. When a query of the graph database is received, the system performs a lookup of a hash map to obtain one or more offsets into an edge store for the graph database, which includes a one-linkage structure and a two-linkage structure. Next, the system accesses the offset(s) in the edge store to obtain a subset of the edges matching the query. The system then uses the subset of the edges to generate a result of the query and provides the result in a response to the query.",G06F 17/30 (20060101),,0.802,0.668,0.888,0.853,0.775,0.637,0.527,0.896,
https://patents.justia.com/patent/20180144060,PROCESSING DELETED EDGES IN GRAPH DATABASES,20180144060,"Andrew J. Carter (Mountain View, CA); Andrew Rodriguez (Palo Alto, CA); Srinath Shankar (Mountain View, CA); Scott M. Meyer (Berkeley, CA)","LinkedIn Corporation (Sunnyvale, CA)",2016-11-23,2018-05-24,"The disclosed embodiments provide a system for processing queries of a graph database. During operation, the system executes one or more processes for processing queries of a graph database storing a graph, wherein the graph comprises a set of nodes, a set of edges between pairs of nodes in the set of nodes, and a set of predicates. When a query of the graph database is received, the system processes the query by matching a query time of the query to a virtual time in a log-based representation of the graph database. Next, the system uses an edge store for the graph database to access a subset of the edges matching the query. The system then generates a result of the query by materializing updates to the subset of the edges before the virtual time and provides the result in a response to the query.",G06F 17/30 (20060101),,0.789,0.674,0.91,0.853,0.775,0.637,0.482,0.896,
https://patents.justia.com/patent/20180137291,SECURING FILES AT REST IN REMOTE STORAGE SYSTEMS,20180137291,"Albert M. Ho (Santa Clara, CA); Qi Liu (Saratoga, CA); Mark I. Sandori (San Jose, CA)","LinkedIn Corporation (Sunnyvale, CA)",2016-11-14,2018-05-17,"The disclosed embodiments provide a system for managing access to a remote storage system. During operation, the system receives a first request from a user to write a file to a remote storage system. Next, the system receives a first encrypted version of the file from a client associated with the first request. The system then decrypts the first encrypted version to obtain an unencrypted version of the file and uses the unencrypted version to generate a second encrypted version of the file. Finally, the system writes the second encrypted version to a file store and stores metadata for the file in a virtual filesystem that is physically separate from the file store.",G06F 21/60 (20060101); G06F 17/30 (20060101); G06F 9/455 (20060101),,0.877,0.668,0.892,0.853,0.776,0.657,0.242,0.891,
https://patents.justia.com/patent/20180139208,SECURE VIRTUALIZATION OF REMOTE STORAGE SYSTEMS,20180139208,"Albert M. Ho (Santa Clara, CA); Qi Liu (Saratoga, CA); Mark I. Sandori (San Jose, CA)","LinkedIn Corporation (Sunnyvale, CA)",2016-11-14,2018-05-17,"The disclosed embodiments provide a system for managing access to a remote storage system. During operation, the system receives a request from a user to access a remote storage system. Next, the system matches one or more parameters in the request to metadata in a virtual filesystem in the remote storage system. The system then processes the request by using the metadata to access one or more files in a file store that is physically separate from the virtual filesystem",H04L 29/06 (20060101); G06F 3/06 (20060101); G06F 17/30 (20060101); G06F 21/62 (20060101); G06F 21/53 (20060101),,0.83,0.669,0.892,0.853,0.776,0.657,0.358,0.902,
https://patents.justia.com/patent/20180123918,AUTOMATICALLY DETECTING LATENCY BOTTLENECKS IN ASYNCHRONOUS WORKFLOWS,20180123918,"Antonin Steinhauser (Plzen); Wing H. Li (San Jose, CA); Jiayu Gong (Fremont, CA); Xiaohui Long (Sammamish, WA); Joel D. Young (Milpitas, CA)","LinkedIn Corporation (Mountain View, CA)",2016-10-28,2018-05-03,"The disclosed embodiments provide a system for processing data. During operation, the system generates, from a set of traces of an asynchronous workflow, a graph-based representation of the asynchronous workflow. Next, the system uses a set of causal relationships in the asynchronous workflow to update the graph-based representation. The system then analyzes the updated graph-based representation to identify a set of high-latency paths in the asynchronous workflow. Finally, the system uses the set of high-latency paths to output an execution profile for the asynchronous workflow, wherein the execution profile includes a subset of tasks associated with the high-latency paths in the asynchronous workflow.",H04L 12/26 (20060101); H04L 12/24 (20060101); G06F 9/48 (20060101),,0.804,0.659,0.94,0.842,0.764,0.682,0.479,0.335,
https://patents.justia.com/patent/20180121512,ENCODING EDGES IN GRAPH DATABASES,20180121512,"SungJu Cho (Cupertino, CA); Yinyi Wang (Saratoga, CA); Qingpeng Niu (San Jose, CA); Andrew Rodriguez (Palo Alto, CA)","LinkedIn Corporation (Mountain View, CA)",2016-10-28,2018-05-03,"The disclosed embodiments provide a system for processing data. During operation, the system obtains a group of two or more integer values. Next, the system sets, for each integer value in the two or more integer values, a delta encoding tag that represents a delta encoding of the integer value with respect to at least one other integer value in the group and uses a delta encoding state represented by the delta encoding tag to calculate an encoded value from the integer value. The system then encodes a length of the encoded value in a length tag for the integer value. Finally, the system replaces the integer value in the group with an encoded version containing the delta encoding tag, the length tag, and the encoded value.",G06F 17/30 (20060101),,0.865,0.695,0.879,0.842,0.764,0.682,0.509,0.896,
https://patents.justia.com/patent/20180121856,FACTOR-BASED PROCESSING OF PERFORMANCE METRICS,20180121856,"Yongling Song (Dublin, CA); Brent D. Miller (Sunnyvale, CA); Andrew J. Carter (Mountain View, CA); Swee B. Lim (Cupertino, CA)","LinkedIn Corporation (Sunnyvale, CA)",2016-11-03,2018-05-03,"The disclosed embodiments provide a system for processing data. During operation, the system obtains, for a time interval, a set of performance metrics for one or more monitored systems. Next, the system aggregates the performance metrics by a processing factor associated with execution of the monitored system(s). The system then uses the aggregated performance metrics to calculate a performance score associated with the processing factor. Finally, the system outputs the performance score with other performance scores for other performance factors associated with execution of the one or more monitored systems for use in assessing the performance of the monitored system(s).",G06Q 10/06 (20060101),,0.873,0.684,0.911,0.853,0.788,0.682,0.4,0.836,
https://patents.justia.com/patent/20180121311,IDENTIFYING REQUEST-LEVEL CRITICAL PATHS IN MULTI-PHASE PARALLEL TASKS,20180121311,"Jiayu Gong (Fremont, CA); Xiaohui Long (Sammamish, WA); Wing H. Li (San Jose, CA); Joel D. Young (Milpitas, CA)","LinkedIn Corporation (Mountain View, CA)",2016-10-28,2018-05-03,"The disclosed embodiments provide a system for processing data. During operation, the system obtains a set of latencies for a set of requests in a multi-phase parallel task. Next, the system includes the latencies in a graph-based representation of the multi-phase parallel task. The system then analyzes the graph-based representation to identify a set of high-latency paths in the multi-phase parallel task. Finally, the system uses the set of high-latency paths to output an execution profile for the multi-phase parallel task, wherein the execution profile includes a subset of the requests associated with the high-latency paths.",G06F 11/34 (20060101); G06F 9/48 (20060101); G06F 11/30 (20060101),,0.799,0.677,0.941,0.842,0.764,0.682,0.295,0.827,
https://patents.justia.com/patent/20180113908,TRANSFORMING AND EVALUATING MISSING VALUES IN GRAPH DATABASES,20180113908,"Walaa Eldin M. Moustafa (Santa Clara, CA); Srinath Shankar (Mountain View, CA); Scott M. Meyer (Berkeley, CA)","LinkedIn Corporation (Mountain View, CA)",2016-10-26,2018-04-26,"The disclosed embodiments provide a system for processing queries of a graph database. During operation, the system executes one or more processes for providing the graph database storing a graph, wherein the graph includes a set of nodes, a set of edges between pairs of nodes in the set of nodes, and a set of predicates. Next, the system receives a query containing a missing value parameter, wherein the missing value parameter designates an attribute in the graph database with a nonexistent value. The system then produces, from the query, a transformed query comprising one or more parameters that do not include the missing value parameter. Finally, the system uses the transformed query and the graph database to generate a result of the query and provides the result in a response to the query.",G06F 17/30 (20060101),,0.854,0.684,0.901,0.842,0.77,0.681,0.467,0.896,
https://patents.justia.com/patent/20180115481,REDUCING FLOODING OF LINK STATE CHANGES IN NETWORKS,20180115481,"Russell I. White (Apex, NC); Shafagh Zandi (San Francisco, CA); Zaid A. Kahn (San Francisco, CA)","LinkedIn Corporation (Mountain View, CA)",2016-10-24,2018-04-26,"The disclosed embodiments provide a system for transmitting a link state message in a network. During operation, the system obtains a network topology for the network. Next, the system uses the network topology to identify a reflood set of neighbors of the flooding node for reaching a set of two-hop neighbors of the flooding node. The system then transmits a link state message with an indication to reflood the link state message to the reflood set of neighbors. Finally, the system transmits the link state message without the indication to reflood to remaining neighbors of the flooding node that form a non-reflood set.",H04L 12/751 (20060101); H04L 12/721 (20060101),,0.777,0.663,0.88,0.842,0.762,0.681,0.472,0.888,
https://patents.justia.com/patent/20180107419,PERFORMING UPDATES ON VARIABLE-LENGTH DATA SEQUENTIALLY STORED AND INDEXED TO FACILITATE REVERSE READING,20180107419,"Sanjay Sachdev (San Jose, CA)","LinkedIn Corporation (Mountain View, CA)",2016-10-14,2018-04-19,"A system, method, and apparatus are provided for performing update operations on variable-length data records stored and indexed to facilitate reverse reading. Each record contains a key offset for each key field, and the key offset stores a reference (e.g., an offset) to the next most recently stored record that has the same value for the key. Key offsets of a new set of records are configured based on the data index and an assumed write location (e.g., an end offset of the data). The data repository is locked and, if no other intervening records were stored, the new ones are written, the index is updated, and the lock is released. If intervening records were stored, the new set of records is adjusted further based on the current index and the current write location, the records are stored, the index is updated, and the lock is released.",G06F 3/06 (20060101),,0.854,0.691,0.92,0.842,0.769,0.662,0.371,0.702,
https://patents.justia.com/patent/20180089318,TWO-SIDED NETWORK GROWTH OPTIMIZATION IN SOCIAL NETWORKS,20180089318,"Shaunak Chatterjee (Sunnyvale, CA); Shilpa Gupta (Mountain View, CA); Aastha Jain (Sunnyvale, CA); Myunghwan Kim (San Jose, CA)","LinkedIn Corporation (Mountain View, CA)",2016-09-23,2018-03-29,"The disclosed embodiments provide a system for facilitating interaction within a social network. During operation, the system identifies a first member of a social network with a first activity level that is lower than a threshold. Next, the system uses the first activity level to boost a score associated with recommending an interaction with the first member to a second member of the social network. The system then uses the boosted score to generate output for modulating subsequent interactions in the social network.",G06F 17/30 (20060101); H04L 29/08 (20060101),,0.82,0.676,0.904,0.842,0.772,0.701,0.429,0.826,
https://patents.justia.com/patent/20180091586,SELF-HEALING A MESSAGE BROKERING CLUSTER,20180091586,"Aditya A. Auradkar (Fremont, CA); Jiangjie Qin (Sunnyvale, CA); Adem Efe Gencer (Ithaca, NY); Joel J. Koshy (Sunnyvale, CA); Kartik Paramasivam (Sunnyvale, CA)","LinkedIn Corporation (Mountain View, CA)",2016-09-26,2018-03-29,"A system, apparatus, and methods are provided for self-healing and balancing partition distribution across nodes within a message broker cluster. During operation, the system receives a stream of messages at the message brokering cluster, wherein the message stream is divided into partitions and replicas for each partition are distributed among a set of nodes within the message brokering cluster. Responsive to a change in the number of nodes within the message brokering cluster, the system (1) determines a set of replicas to be migrated within the message brokering cluster, (2) divides the set of replicas into multiple chunks, wherein each chunk includes one or more of the replicas to be migrated to a new node, and (3) migrates the set of replicas one chunk at a time, wherein replicas not corresponding to the single chunk do not begin migrating until all replicas within the single chunk finish migrating.",H04L 29/08 (20060101); H04L 12/26 (20060101),,0.545,0.666,0.943,0.842,0.773,0.701,0.6,0.708,
https://patents.justia.com/patent/20180089331,PATTERN-BASED SEARCHING OF LOG-BASED REPRESENTATIONS OF GRAPH DATABASES,20180089331,"Yejuan Long (Union City, CA); Scott M. Meyer (Berkeley, CA)","LinkedIn Corporation (Mountain View, CA)",2016-09-28,2018-03-29,"The disclosed embodiments provide a system that searches a graph database. During operation, the system obtains a log-based representation of a graph database storing a graph, wherein the graph comprises a set of nodes, a set of edges between pairs of nodes in the set of nodes, and a set of predicates. Next, the system obtains a first query containing a first search pattern for searching the log-based representation. The system then matches the first search pattern to one or more records in the log-based representation. Finally, the system outputs, as a first result of the first query, the one or more records in a subgraph of the graph.",G06F 17/30 (20060101),,0.695,0.684,0.878,0.842,0.765,0.701,0.517,0.896,
https://patents.justia.com/patent/20180089252,VERIFYING CORRECTNESS IN GRAPH DATABASES,20180089252,"Yejuan Long (Union City, CA); Scott M. Meyer (Berkeley, CA); Yiming Yang (Fremont, CA); Mihir Sharad Vakharia (Sunnyvale, CA)","LinkedIn Corporation (Mountain View, CA)",2016-09-28,2018-03-29,"The disclosed embodiments provide a system that verifies correctness in a graph database. During operation, the system obtains a set of records from a source of truth for a graph database storing a graph, wherein the graph includes a set of nodes, a set of edges between pairs of nodes in the set of nodes, and a set of predicates. Next, the system uses the records to automatically generate a set of test cases containing a set of queries of the graph database. The system then transmits the queries to the graph database and receives, from the graph database, a set of query results in response to the queries. Finally, the system performs a comparison of the query results and a set of expected results of the test cases to verify a correctness of the graph database.",G06F 17/30 (20060101),,0.941,0.663,0.917,0.842,0.765,0.701,0.534,0.896,
https://patents.justia.com/patent/20180089192,USING POTENTIAL INTERACTIONS TO IMPROVE SUBSEQUENT SOCIAL NETWORK ACTIVITY,20180089192,"Shaunak Chatterjee (Sunnyvale, CA); Shilpa Gupta (Mountain View, CA); Aastha Jain (Sunnyvale, CA); Myunghwan Kim (San Jose, CA); Souvik Ghosh (San Jose, CA); Romer E. Rosales-Delmoral (Burlingame, CA); Deepak Agarwal (Sunnyvale, CA)","LinkedIn Corporation (Mountain View, CA)",2016-09-23,2018-03-29,"The disclosed embodiments provide a system for facilitating interaction within a social network. During operation, the system obtains a set of features associated with two members of a social network, wherein the features comprise a member feature and an activity feature. Next, the system analyzes the features to predict an effect of a potential interaction between the two members on subsequent interactions between the two members in the social network. The system then uses the predicted effect to generate output for modulating the subsequent interactions in the social network.",G06F 17/30 (20060101),,0.639,0.662,0.946,0.842,0.772,0.701,0.393,0.896,
https://patents.justia.com/patent/20180091588,BALANCING WORKLOAD ACROSS NODES IN A MESSAGE BROKERING CLUSTER,20180091588,"Jiangjie Qin (Sunnyvale, CA); Aditya A. Auradkar (Fremont, CA); Adem Efe Gencer (Ithaca, NY); Joel J. Koshy (Sunnyvale, CA); Kartik Paramasivam (Sunnyvale, CA)","LinkedIn Corporation (Mountain View, CA)",2016-09-26,2018-03-29,"A system, apparatus, and methods are provided for balancing partition distribution across nodes within a message broker cluster so as to balance the broker nodes' workloads. During operation, the system receives a stream of messages at the cluster, wherein the message stream is divided into topics, the topics are divided into partitions, and replicas for each partition are distributed among the nodes of the message brokering cluster. Upon detection of an imbalance in the nodes' workloads by a monitor (e.g., as indicated by uneven resource consumption), an analyzer considers various possible remedies (e.g., reassigning/demoting/promoting a replica), estimates their likely impacts on the workload, and determines whether they satisfy hard and/or soft goals of the system. The analyzer generates a plan that satisfies the hard goals and that may satisfy some or all soft goals, and passes it to an executor for implementation.",H04L 29/08 (20060101),,0.721,0.666,0.941,0.842,0.773,0.701,0.45,0.911,
https://patents.justia.com/patent/9916224,Integrating quality analysis with a code review tool,9916224,"Andrew Macleod (Campbell, CA); Jasper Lee (Fremont, CA); Scott Holmes (Morgan Hill, CA); Arvind Mani (Los Altos, CA); Nikhil Marathe (Sunnyvale, CA); Yuji Kosuga (Sunnyvale, CA); Roman Shafigullin (Sunnyvale, CA)","LinkedIn Corporation (Sunnyvale, CA)",2015-09-15,2018-03-13,"Techniques are provided for integrating source code analysis tools with a code review tool. A user submits a code change to the code review tool and one or more code analysis tools are automatically initiated to analyze the changed code. Results of the code analysis tool(s) are automatically provided back to the code review tool. Additionally or alternatively, one or more tests are automatically run to test one or more executables that are based on the changed code. Results of the test(s) are automatically provided to the code review tool. In this way, an effect of a code change is automatically determined and available for review along with the code change. The results of any code analysis tools and/or tests may be posted synchronously or asynchronously with the corresponding code change.",G06F 11/36 (20060101),,0.812,0.822,0.943,0.868,0.741,0.735,0.304,0.822,
https://patents.justia.com/patent/20180068005,DISTRIBUTED COMPUTATION OF PERCENTILE STATISTICS FOR MULTIDIMENSIONAL DATA SETS,20180068005,"Srinivas S. Vemuri (Santa Clara, CA); Maneesh Varshney (San Jose, CA); Krishna P. Puttaswamy Naga (Sunnyvale, CA)","LinkedIn Corporation (Mountain View, CA)",2016-09-07,2018-03-08,"The disclosed embodiments provide a system for processing data. During operation, the system obtains a set of partitions containing a set of records, wherein the records include a set of values for a measure and a set of dimensions associated with the values. Next, the system reorganizes the records across the partitions by performing a distributed sort of the records by the measure. For each dimensional subset in the records, the system counts occurrences of the dimensional subset in each of the partitions and groups values of the counted occurrences by the dimensional subset so that the values reside in a single processing node. The system uses the values to identify one or more locations in the partitions for calculating a statistic for the dimensional subset and uses the location(s) to calculate the statistic. Finally, the system outputs the statistic in response to a query containing the dimensional subset.",G06F 17/30 (20060101),,0.833,0.681,0.902,0.842,0.761,0.7,0.398,0.896,
https://patents.justia.com/patent/9910764,Automated software testing,9910764,"Seth McLaughlin (Palo Alto, CA)","LinkedIn Corporation (Sunnyvale, CA)",2014-06-23,2018-03-06,"Disclosed in some examples are systems, machine readable mediums and methods which automate testing of web-based application code by automatically generating test harnesses based on a specified configuration and test script, hosting the test harness, causing the test harness to be run to test the code, and delivering the test results to the user. In some examples, the specified conditions may specify one or more test environments corresponding to an execution environment. This allows users greater flexibility in support of testing libraries and support of testing environments. The end users of the software under test will be provided software that is better tested for many different environments.",G06F 9/44 (20060101); G06F 11/36 (20060101),,0.673,0.818,0.924,0.868,0.777,0.733,0.232,0.735,
https://patents.justia.com/patent/20180060434,MEASURING MEMBER VALUE IN SOCIAL NETWORKS,20180060434,"Xin Fu (Santa Clara, CA); Joonhyung Lim (San Jose, CA); Huangming Xie (Menlo Park, CA); Seyedehmina Doroud (Millbrae, CA)","LinkedIn Corporation (Mountain View, CA)",2016-08-31,2018-03-01,"The disclosed embodiments provide a system for processing data. During operation, the system obtains a count of actions associated with a member of a social network, wherein the count comprises a set of action types and a number of actions associated with the member for each of the action types. Next, the system uses the count to calculate a set of scores for measuring the value of the social network to the member, wherein the set of scores is associated with researching and contacting people, building a network, keeping up with connections, staying informed and building knowledge, establishing and managing a reputation, and getting hired. The system then outputs the scores for use in characterizing and improving the value of the social network for the member.",G06F 17/30 (20060101),,0.595,0.674,0.886,0.842,0.762,0.735,0.399,0.896,
https://patents.justia.com/patent/20180063055,REPARTITIONING A TOPIC IN A PUBLISH-SUBSCRIBE MESSAGE SYSTEM,20180063055,"Kartik Paramasivam (Sunnyvale, CA); Jiangjie Qin (Sunnyvale, CA)","LinkedIn Corporation (Mountain View, CA)",2016-08-26,2018-03-01,"A system, method, and apparatus are provided for repartitioning a topic of a publish-subscribe message system. The topic is originally configured with N partitions (N>1) hosted by multiple brokers for storing messages to be consumed by multiple consumers. The repartitioning process causes one or more collections of partitions to be created in addition to the original collection of N partitions. Afterward, when a new message is received for the topic and has an associated partition key, the key is processed (e.g., hashed) once to identify a target collection of partitions and is then reprocessed to identify a destination partition within the target collection. Consumers may be automatically subscribed to new partitions. For example, a consumer subscribed to the ith partition of the original N partitions may be subscribed to the ith partition of each additional collection of partitions.",H04L 12/58 (20060101),,0.743,0.657,0.923,0.842,0.767,0.735,0.264,0.898,
https://patents.justia.com/patent/20180060404,SCHEMA ABSTRACTION IN DATA ECOSYSTEMS,20180060404,"Eric Li Sun (Fremont, CA); Shirshanka Das (San Jose, CA)","LinkedIn Corporation (Mountain View, CA)",2016-08-29,2018-03-01,"The disclosed embodiments provide a system for performing data management. During operation, the system obtains a first schema with a first syntax for describing a first data set and a second schema with a second syntax for describing a second data set. Next, the system converts the first schema into a first standardized form with a standardized syntax and the second schema into a second standardized form with the standardized syntax. The system then outputs the first and second standardized forms for use in accessing the first and second data sets.",G06F 17/30 (20060101),,0.766,0.702,0.886,0.842,0.766,0.735,0.577,0.896,
https://patents.justia.com/patent/20180060407,DATA-DEPENDENCY-DRIVEN FLOW EXECUTION,20180060407,"Eric Li Sun (Fremont, CA); Shirshanka Das (San Jose, CA)","LinkedIn Corporation (Mountain View, CA)",2016-08-29,2018-03-01,"The disclosed embodiments provide a system for managing execution of a data flow. During operation, the system obtains a data dependency description for a data flow, wherein the data dependency description includes data sources to be consumed by the data flow, data targets to be produced by the data flow, and one or more data ranges associated with the data sources and the data targets. Next, the system uses the data dependency description to determine an availability of the data sources in an execution environment. After the availability of the data sources in the execution environment is confirmed, the system generates output for initiating execution of the data flow in the execution environment.",G06F 17/30 (20060101); H04L 12/801 (20060101),,0.814,0.691,0.886,0.842,0.766,0.735,0.515,0.843,
https://patents.justia.com/patent/20180039663,PERFORMING SET OPERATIONS ON VARIABLE-LENGTH DATA SEQUENTIALLY STORED AND INDEXED TO FACILITATE REVERSE READING,20180039663,"Sanjay Sachdev (San Jose, CA)","LinkedIn Corporation (Mountain View, CA)",2016-08-03,2018-02-08,"A system, method, and apparatus are provided for performing set operations on variable-length data that has been stored and indexed to facilitate reverse reading. The set operation is performed on data records having any or all of multiple key/value pairs—such as a union of all data records having the key/value pairs, an intersection, or a difference. For each key/value pair, a tracking entity is initialized to identify a most recently stored record that has the key/value pair. Each record contains a key offset for each key that is common to the records, and the key offset stores an identity (e.g., offset to) the next most recently stored record that has the same value for the key. Each tracking entity is used to support traversal of the data records having the associated key/value pair, during which the set operation is performed to add qualifying records to a result.",G06F 17/30 (20060101),,0.643,0.683,0.92,0.842,0.774,0.692,0.351,0.896,
https://patents.justia.com/patent/20180040056,MAXIMIZING THE PROPENSITY OF CONTENT CONSUMPTION ACCORDING TO CONTENT COMPLEXITY AND CONTENT CONSUMPTION TIME,20180040056,"Mohamed Gamal Mohamed Mahmoud (Santa Clara, CA); Sofia Andrianakou (Sunnyvale, CA)","LinkedIn Corporation (Mountain View, CA)",2016-08-04,2018-02-08,"The disclosed embodiments provide a system for maximizing the propensity of content consumption according to content complexity and content consumption time. During operation, the system receives a request from a user to access a content feed. Based on a time of receipt, the system identifies a current seasonality that corresponds to reading habits of the user during a time period encompassing the time of receipt. The system then accesses a profile for the user to obtain a reading speed of the user and the reading habits of the user for the current seasonality. Next, the system: identifies a subset of content items; estimates a reading session length; and determines a complexity, with regard to the user, for each content item. The system then creates the content feed by ordering the subset of content items according to the reading session length and the complexity of each content item.",G06Q 30/06 (20060101); G06N 5/02 (20060101); H04L 29/08 (20060101),,0.812,0.66,0.906,0.842,0.77,0.692,0.286,0.806,
https://patents.justia.com/patent/20180032616,FEEDBACK-BASED RECOMMENDATION OF MEMBER ATTRIBUTES IN SOCIAL NETWORKS,20180032616,"Qin Iris Wang (Cupertino, CA); Mohammad H. Firooz (Fremont, CA)","LinkedIn Corporation (Mountain View, CA)",2016-07-26,2018-02-01,"The disclosed embodiments provide a system for improving use of a social network. During operation, the system obtains a set of member features associated with a member of a social network and a set of attribute features associated with a set of member attributes. Next, the system analyzes the member features and the attribute features to predict a propensity of the member to accept recommendations of the member attributes as profile edits to a member profile of the member. The system then uses the predicted propensity to output a subset of the member attributes as recommended profile edits to the member.",G06F 17/30 (20060101),,0.73,0.674,0.872,0.842,0.781,0.727,0.397,0.896,
https://patents.justia.com/patent/20180032270,PREVENTING WRITE AMPLIFICATION DURING FREQUENT DATA UPDATES,20180032270,"Ivaylo G. Dimitrov (Mountain View, CA); Davi Einstein Melges Arnaut (Sunnyvale, CA)","LinkedIn Corporation (Mountain View, CA)",2016-07-29,2018-02-01,"A system, method, and apparatus are provided for limiting or preventing write amplification. Full documents (which may be stored as blobs) are stored as monolithic entities in that only the entire documents can be written or read. When one or more fields or other portions of a document are determined to be “hot,” those fields are stored in a separate structure, possibly adjacent to the document. When only these fields are updated, the document need not be rewritten. For read requests, both structures are read and merged to yield a true version of the document. Fields may be considered hot based on criteria such as frequency of access, ratio of the fields' size to the size of the document, type of document, the application associated with the document, etc.",G06F 3/06 (20060101); G06F 17/30 (20060101),,0.732,0.659,0.91,0.842,0.778,0.727,0.131,0.678,
https://patents.justia.com/patent/20180032615,FEEDBACK-BASED STANDARDIZATION OF MEMBER ATTRIBUTES IN SOCIAL NETWORKS,20180032615,"Qin Iris Wang (Cupertino, CA); Mohammad H. Firooz (Fremont, CA)","LinkedIn Corporation (Mountain View, CA)",2016-07-26,2018-02-01,"The disclosed embodiments provide a system for improving use of a social network. During operation, the system obtains user feedback associated with recommending a set of member attributes as profile edits to a set of members in a social network. Next, the system analyzes the user feedback to determine a set of acceptance rates of the member attributes. The system then uses the acceptance rates to update a taxonomy of the member attributes for use in improving recommendations of the member attributes to the members.",G06F 17/30 (20060101),,0.844,0.671,0.872,0.842,0.781,0.727,0.358,0.896,
https://patents.justia.com/patent/20180032608,FLEXIBLE SUMMARIZATION OF TEXTUAL CONTENT,20180032608,"Bin Wu (Palo Alto, CA); Weiqin Ma (San Jose, CA); Wenxuan Gao (Santa Clara, CA); Weidong Zhang (San Jose, CA)","LinkedIn Corporation (Mountain View, CA)",2016-07-27,2018-02-01,"The disclosed embodiments provide a system for processing textual content. During operation, the system obtains a content item containing a set of text units. For each text unit in the set of text units, the system obtains a similarity score representing a similarity of the text unit to other text units in the content item and calculates a ranking score for the text unit from a combination comprising a text unit frequency for the text unit, the similarity score, and a position weight associated with a position of the text unit in the content item. The system then ranks the set of text units by the ranking score and uses the ranking to display a summary containing a subset of the text units in the content item.",G06F 17/30 (20060101); G06F 17/22 (20060101),,0.84,0.646,0.921,0.842,0.772,0.727,0.308,0.878,
https://patents.justia.com/patent/20180025088,FILTERING IRRELEVANT ACTOR UPDATES FROM CONTENT FEEDS,20180025088,"Amit Jaspal (Mountain View, CA)","LinkedIn Corporation (Mountain View, CA)",2016-07-21,2018-01-25,"The disclosed embodiments provide a system for filtering irrelevant actor updates from content feeds. During operation, the system identifies a set of candidate content items to display to a user. Then, for each content item in the set of candidate content items, the system obtains a content score for the content item, determines a second user associated with the content item, determines a propensity for the user to click on content associated with the second user, and applies a penalty to the content score when the propensity is less than a pre-determined threshold. Finally, the system orders the set of candidate content items according to the content scores, and forwards the ordered set of content items for display to the user.",G06F 17/30 (20060101),,0.403,0.668,0.909,0.842,0.785,0.69,0.332,0.896,
https://patents.justia.com/patent/20180025322,SKILL-BASED RECOMMENDATION OF EVENTS TO USERS,20180025322,"Andranik Kurghinyan (Mountain View, CA); Austin Q. Lu (Sunnyvale, CA)","LinkedIn Corporation (Mountain View, CA)",2016-07-20,2018-01-25,"The disclosed embodiments provide a system for performing skill-based recommendation of events. During operation, the system obtains member attributes for a member of an online professional network. Next, the system matches the location of the member and one or more of the member attributes to event attributes of a set of events. The system then uses the member attributes and the event attributes to calculate a set of relevance scores representing a relevance of the events to the member. Finally, the system uses the set of relevance scores to output one or more of the events as recommendations to the member.",G06Q 10/10 (20060101),,0.858,0.68,0.894,0.842,0.783,0.69,0.292,0.847,
https://patents.justia.com/patent/9870307,Regression testing of software services,9870307,"Sajid Topiwala (San Jose, CA); Anant Rao (Fremont, CA); Pritesh Shah (Sunnyvale, CA); Walter Scott Johnson (San Francisco, CA); Arunprasad Venkatraman (Fremont, CA)","LinkedIn Corporation (Sunnyvale, CA)",2016-02-01,2018-01-16,"Techniques are provided for mocking downstream services while regression testing a service. In one technique a version of a service processes a request, during which one or more computers intercept downstream service calls made by the version of the service. For each downstream service call of the downstream calls, a computer provides, to the version of the service, a response of the downstream service call, which was previously recorded while processing the request in a production environment. Processing, by the version of the service, the request involves processing the request based on the response of at least one of the downstream service calls.",G06F 9/44 (20060101); G06F 11/00 (20060101); G06F 11/36 (20060101),,0.124,0.821,0.942,0.868,0.805,0.716,0.289,0.88,
https://patents.justia.com/patent/20170371952,PROPAGATING A STATUS AMONG RELATED EVENTS,20170371952,"Vivek Nelamangala (Mountain View, CA); Strahinja Markovic (Mountain View, CA); Sara F. Todd (San Jose, CA); Parinkumar D. Shah (Milpitas, CA); Erran Berger (San Francisco, CA); Rushi P. Bhatt (Bangalore); Tomer Cohen (Mountain View, CA)","LinkedIn Corporation (Mountain View, CA)",2016-06-27,2017-12-28,"A system, method, and apparatus are provided for propagating a status among related events. A relationship component of the system maintains a graph of the related events and, upon assignment of a status to an event identifies one or more related events (e.g., the root event, other ancestor events, descendant events). A retention component of the system includes multiple nodes that maintain user records (e.g., sharded by user identifier) storing events associated with the members and that also maintain separate event status tables to identify statuses of selected events. For example, an event status table may store statuses of root events and/or other ancestor events from which a given subsequent event may inherit or derive a status. An event status may reflect a quality or characteristic of the event (e.g., spam, low quality, language of the event), a status of the associated user (e.g., fame, level of influence), etc.",G06F 17/30 (20060101); H04L 29/08 (20060101),,0.854,0.642,0.958,0.842,0.775,0.686,0.36,0.823,
https://patents.justia.com/patent/20170371551,CAPTURING SNAPSHOTS OF VARIABLE-LENGTH DATA SEQUENTIALLY STORED AND INDEXED TO FACILITATE REVERSE READING,20170371551,"Sanjay Sachdev (San Jose, CA)","LinkedIn Corporation (Mountain View, CA)",2016-06-23,2017-12-28,"A system, method, and apparatus are provided for capturing a snapshot of variable-length data records that are indexed and sequentially stored in a manner that facilitates reverse reading. Each data record has a fixed number of keys, a key offset for each key that leads to another record with the same key value, and size metadata identifying a size of the data record (and possibly the key offsets). An index identifies, for each known value of each key, an index offset to a first entry (e.g., the most recently stored entry) that has the key value. Capturing a snapshot includes identifying a final record within the snapshot (e.g., based on time), copying the index, and pruning it as necessary to omit records not consistent with the snapshot (e.g., to omit data records stored after a final time corresponding to the snapshot).",G06F 3/06 (20060101),,0.784,0.625,0.92,0.842,0.778,0.686,0.387,0.706,
https://patents.justia.com/patent/20170372336,PREDICTING CUSTOMER PURCHASE BEHAVIOR FOR EDUCATIONAL TECHNOLOGY PRODUCTS,20170372336,"Zhaoying Han (Mountain View, CA); Coleman Patrick King; III (Brooklyn, NY); Wei Di (Cupertino, CA); Juan Wang (Los Altos, CA)","LinkedIn Corporation (Mountain View, CA)",2016-06-28,2017-12-28,"The disclosed embodiments provide a system for processing data. During operation, the system obtains a set of features for a customer of an educational technology product. Next, the system uses the set of features to calculate an overall score representing a predicted purchase behavior of the customer with the educational technology product. The system then uses multiple subsets of the features to calculate a set of sub-scores that characterize different components of the overall score. Finally, the system outputs the overall score and the sub-scores for use in managing sales activity with the customer.",G06Q 30/02 (20120101); G06N 7/00 (20060101); G06N 99/00 (20100101); G06Q 10/06 (20120101),,0.807,0.632,0.922,0.842,0.778,0.686,0.444,0.915,
https://patents.justia.com/patent/20170372337,EVALUATING AND COMPARING PREDICTED CUSTOMER PURCHASE BEHAVIOR FOR EDUCATIONAL TECHNOLOGY PRODUCTS,20170372337,"Zhaoying Han (Mountain View, CA); Coleman Patrick King; III (Brooklyn, NY); Yiying Cheng (Mountain View, CA); Juan Wang (Los Altos, CA)","LinkedIn Corporation (Mountain View, CA)",2016-06-28,2017-12-28,"The disclosed embodiments provide a system for processing data. During operation, the system obtains a set of overall scores representing predicted purchase behaviors of a set of customers with an educational technology product. Next, the system displays a graphical user interface (GUI) comprising a customer prioritization chart for the educational technology product. The system then displays representations of the overall scores in the customer prioritization chart. Finally, the system displays, in the GUI, the set of overall scores and a breakdown of the overall scores into a set of sub-scores that characterize different components of the overall scores.",G06Q 30/02 (20120101); H04L 12/24 (20060101); H04L 12/26 (20060101); H04L 29/08 (20060101),,0.81,0.553,0.943,0.842,0.778,0.686,0.387,0.84,
https://patents.justia.com/patent/20170364563,EFFICIENT MERGING AND FILTERING OF HIGH-VOLUME METRICS,20170364563,"Wenxuan Gao (Santa Clara, CA); Bin Wu (Palo Alto, CA); Weiqin Ma (San Jose, CA); Weidong Zhang (San Jose, CA)","LinkedIn Corporation (Mountain View, CA)",2016-06-16,2017-12-21,"The disclosed embodiments provide a system for processing data. During operation, the system obtains a set of records from a set of inputs, with each record containing an entity key, a partition key, and one or more attribute-value pairs. Next, the system sorts and indexes the records by the entity key for each partitioned input. The system then processes a query of the records by matching entity key values to the sorted and indexed records for each input partition in the query. Next, the system merges the subset of records with the same entity key values into records, with each merged record containing an entity key field and a single field that includes a list of attribute-value pairs from the subset. Finally, the system outputs the merged records in response to the query.",G06F 17/30 (20060101); G06F 7/16 (20060101),,0.722,0.636,0.923,0.842,0.778,0.679,0.487,0.876,
https://patents.justia.com/patent/9838445,Quantifying social capital,9838445,"Michael David Conover (San Francisco, CA); Mathieu Bastian (San Francisco, CA)","LinkedIn Corporation (Sunnyvale, CA)",2014-10-30,2017-12-05,"For each of a group of nodes including a node corresponding to a first member and a plurality of nodes corresponding to members with which the first member is directly connected in a social graph, a plurality of reputation scores may be calculated for a node in the social graph, and the plurality of reputation scores for the node may be averaged into an importance score for the node. A keyness score for each of the plurality of nodes corresponding to members with which the first member is directly connected in the social graph can be calculated, the keyness score for each of the plurality of nodes being based on a connection strength for a connection between the node and the node corresponding to the first member and based on the importance score for the node. The keyness scores may be selected, averaged, and saved as a social capital score.",G06F 7/00 (20060101); G06F 17/30 (20060101); H04L 29/06 (20060101); G06Q 50/00 (20120101),,0.766,0.827,0.867,0.868,0.74,0.66,0.204,0.851,
https://patents.justia.com/patent/20170344197,CONTEXT-INDEPENDENT NAVIGATION OF ELECTRONIC CONTENT,20170344197,"Samish Chandra Kolli (Santa Clara, CA); Vivek Y. Tripathi (San Jose, CA); Aarthi Jayaram (Sunnyvale, CA)","LinkedIn Corporation (Mountain View, CA)",2016-06-06,2017-11-30,"A system, method, apparatus and graphical user interface are provided for navigating a multi-component application or service—such as an application that executes on a mobile device and that includes multiple features, pages, content items, utilities, settings, etc. A shortcut bar provides rapid access to application components that correspond to multiple shortcuts, and the shortcut bar can be opened, by swiping it, to reveal a set of options associated with an open shortcut (e.g., the shortcut closest to where the user swiped on the bar). The options can be scrolled (e.g., vertically) or swiped in another direction (e.g., sideways) to access options associated with other shortcuts. The shortcut bar and the options provide set paths of navigation to desired content, without regard to the current context (e.g., the displayed content). Navigation paths to the content via the current context will vary, depending on the displayed content.",G06F 3/0482 (20130101); G06F 3/0484 (20130101); G06F 3/0488 (20130101); G06F 17/22 (20060101),,0.857,0.677,0.881,0.842,0.779,0.695,0.903,0.889,
https://patents.justia.com/patent/9830167,Enhancing a multitasking user interface of an operating system,9830167,"Kamilah Joanna Marie Taylor (San Francisco, CA); Dimitry Dany Fridman (San Francisco, CA); Joseph Farquharson (San Francisco, CA); Ehud Milo (Sunnyvale, CA)","LinkedIn Corporation (Sunnyvale, CA)",2014-11-05,2017-11-28,Techniques for enhancing a mufti-tasking user interface of an operating system are disclosed. An update data item pertaining to an application placed in the background on the device is received. An update image is generated to include information pertaining to the update data item. The update image is incorporated into a multitasking user interface of the operating system such that the update image is presented to a user and the user may view the information pertaining to the update data item before choosing whether to bring the application to the foreground.,G06F 3/048 (20130101); G06F 9/44 (20060101); G06F 9/445 (20060101),,0.707,0.838,0.898,0.868,0.804,0.71,0.425,0.835,
https://patents.justia.com/patent/9832162,Viral invitations for social networks,9832162,"Haiying Cai (Palo Alto, CA); Hui Li (San Jose, CA)","LinkedIn Corporation (Sunnyvale, CA)",2016-08-15,2017-11-28,"A system and method for virally growing a social network. The social network system receives a member account sign-up message for a first social network from a first member. The social network system then posts a member sign-up notification to the first member's event wall on a second social network; wherein the first member has one or more social contacts through the second social network. For at least a second respective member in the one or more social contacts, the social network system posts a personalized invitation message as a comment to the member sign-up notification on the first member's event wall, wherein the comment is initially hidden from all members other than the second respective member of the one or more member contacts.",H04L 12/58 (20060101); H04L 29/08 (20060101); H04L 29/06 (20060101); H04W 4/20 (20090101),,0.506,0.815,0.889,0.868,0.767,0.71,0.547,0.887,
https://patents.justia.com/patent/20170336984,COMPRESSION-BASED DETECTION OF INEFFICIENCY IN LOCAL STORAGE,20170336984,"John W. Nicol (San Jose, CA); Ritesh Maheshwari (Mountain View, CA); Nicholas P. Baggott (Mountain View, CA); Haricharan K. Ramachandra (Fremont, CA); Badrinath K. Sridharan (Saratoga, CA)","LinkedIn Corporation (Mountain View, CA)",2016-05-20,2017-11-23,"The disclosed embodiments provide a system for detecting and managing inefficiency in local storage. During operation, the system obtains a first snapshot of data in local storage of a computer system, wherein the first snapshot comprises a first set of data elements in the local storage at a first time. Next, the system applies a compression technique to the first snapshot to obtain a first set of inefficiency metrics for the first set of data elements. The system then outputs the first set of inefficiency metrics with additional attributes of the data to improve management of inefficiency in the data.",G06F 3/06 (20060101),,0.838,0.641,0.954,0.842,0.784,0.715,0.343,0.706,
https://patents.justia.com/patent/20170336995,COMPRESSION-BASED DETECTION OF INEFFICIENCY IN EXTERNAL SERVICES,20170336995,"John W. Nicol (San Jose, CA); Ritesh Maheshwari (Mountain View, CA); Nicholas P. Baggott (Mountain View, CA); Haricharan K. Ramachandra (Fremont, CA); Badrinath K. Sridharan (Saratoga, CA)","LinkedIn Corporation (Mountain View, CA)",2016-05-20,2017-11-23,"The disclosed embodiments provide a system for detecting and managing inefficiency in external services. During operation, the system obtains a snapshot of a data stream transmitted over an external service from a computer system at a first time. Next, the system applies a compression technique to the snapshot to obtain a set of inefficiency metrics for a set of data elements in the snapshot. The system then outputs the set of inefficiency metrics with additional attributes of the data stream to improve identification of inefficiency in the data stream.",G06F 3/06 (20060101),,0.834,0.625,0.954,0.842,0.784,0.715,0.4,0.706,
https://patents.justia.com/patent/20170339238,LARGE MESSAGE SUPPORT FOR A PUBLISH-SUBSCRIBE MESSAGING SYSTEM,20170339238,"Jiangjie Qin (Sunnyvale, CA)","LinkedIn Corporation (Mountain View, CA)",2016-05-23,2017-11-23,"A system, apparatus, and methods are provided that support the passing of oversized messages within a publish-subscribe messaging system. During operation, the system subscribes to a message stream brokered by a message brokering cluster that imposes a maximum message size. Responsive to receiving a given message of the message stream, the system (1) determines an offset to commit to the message brokering cluster, wherein the determined offset is based on whether one or more segments of one or more oversized messages are buffered, and (2) commits the determined offset to the message brokering cluster. Responsive to recovering from a crash, wherein the offset at which to resume the receipt of messages from the message stream is unknown, the system then retrieves the determined offset from the message brokering cluster and resumes the receipt of messages from the message brokering cluster based on the determined offset.",H04L 29/08 (20060101); H04L 12/863 (20130101),,0.762,0.629,0.946,0.842,0.782,0.715,0.155,0.921,
https://patents.justia.com/patent/20170337214,SYNCHRONIZING NEARLINE METRICS WITH SOURCES OF TRUTH,20170337214,"Jason Jonathan Ko (San Francisco, CA); Nishant Rayan (San Francisco, CA); Steven S. Chow (Oakland, CA); Hari Prasanna Periyasamy Shanmugam (San Francisco, CA); Arvind Kalyan (Saratoga, CA)","LinkedIn Corporation (Mountain View, CA)",2016-05-18,2017-11-23,"The disclosed embodiments provide a system for processing data. During operation, the system uses a creation time of a first value of a metric from a nearline data store to obtain a second value of the metric from a source of truth. Next, the system calculates a difference between the first and second values. When the difference exceeds a threshold, the system uses the difference to correct a current value of the metric in the nearline data store.",G06F 17/30 (20060101),,0.0,0.625,0.925,0.842,0.788,0.715,0.447,0.896,
https://patents.justia.com/patent/9817905,Profile personalization based on viewer of profile,9817905,"Nipun Dave (Mountain View, CA); Sachit Kamat (San Carlos, CA); Nikita Igorevych Lytkin (Sunnyvale, CA); Vibha Rathi (Cupertino, CA); Jibran Kutik (Mountain View, CA); Mathieu Bastian (San Francisco, CA); Matthieu F. Monsch (San Francisco, CA); Xin Hu (Mountain View, CA)","LinkedIn Corporation (Sunnyvale, CA)",2015-03-31,2017-11-14,"Techniques for presenting a personalized member profile page to a viewer are described. A highlight module can receive a request to view a profile page of a member in a social network. The highlight module can access viewer data of a viewer associated with the request, and access member data of the member. Additionally, the highlight module can determine a plurality of member attributes relevant to the viewer based on the viewer data, the plurality of member attributes being derived from the member data. Furthermore, the highlight module can calculate an overall score for a member attribute in the plurality of member attributes based on the viewer data and the member data. Subsequently, a profile generation module can cause a presentation, on a display of a device, of the member attribute on the profile page, when the overall score of the member attribute is higher than a predetermined threshold value.",G06F 17/30 (20060101),,0.486,0.813,0.959,0.868,0.769,0.716,0.184,0.896,
https://patents.justia.com/patent/20170323268,SCALABLE RESPONSE PREDICTION USING PERSONALIZED RECOMMENDATION MODELS,20170323268,"XianXing Zhang (Mountain View, CA); Yitong Zhou (Sunnyvale, CA); Yiming Ma (Menlo Park, CA); Bee-Chung Chen (San Jose, CA); Liang Zhang (Fremont, CA); Deepak Agarwal (Sunnyvale, CA)","LinkedIn Corporation (Mountain View, CA)",2016-05-03,2017-11-09,"The disclosed embodiments provide a system for processing data. During operation, the system obtains a global version of a statistical model and a user-specific version of the statistical model for a user. Next, the system applies the global version to member features of the user and job features of a set of jobs to generate a first ranking of the jobs for the user. The system then applies the user-specific version to the member features and the job features for a highest-ranked subset of jobs in the first ranking to generate a second ranking of the jobs for the user. Finally, the system outputs at least a portion of the second ranking as a set of job recommendations.",G06Q 10/10 (20120101); G06F 17/30 (20060101),,0.627,0.655,0.948,0.842,0.789,0.732,0.402,0.819,
https://patents.justia.com/patent/9811569,Suggesting candidate profiles similar to a reference profile,9811569,"Christian Posse (Forster City, CA); Abhishek Gupta (San Francisco, CA); Anmol Bhasin (Los Altos, CA); Monica Rogati (Sunnyvale, CA)","LinkedIn Corporation (Sunnyvale, CA)",2016-11-30,2017-11-07,"Techniques for identifying and presenting member profiles similar to a source member profile are described. With some embodiments, a general recommendation engine is used to extract features from member profiles, and then store the extracted features, including any computed, derived or retrieved profile features, in an enhanced member profile. In real-time, the general recommendation engine processes client requests to identify member profiles similar to a source member profile by comparing select profile features stored in the enhanced member profile with corresponding profile features of the source member profile, where the comparison results in several similarity sub-scores that are then combined in accordance with directives set forth in a configuration file. Finally, the member profiles with the highest similarity scores corresponding with the user-selected member profile are selected, and in some instances, presented to a user.",G06F 17/30 (20060101); H04L 29/08 (20060101),,0.999,0.813,0.91,0.868,0.775,0.732,0.196,0.823,
https://patents.justia.com/patent/9811807,Sharing recruiting data across business units of an organization,9811807,"Prasad Kamalakar Gune (Fremont, CA); Annabel Fang Liu (Los Altos, CA); Pierre Yannick Monestie (Half Moon Bay, CA); Lei Ni (Belmont, CA)","LinkedIn Corporation (Sunnyvale, CA)",2014-11-21,2017-11-07,"A method of sharing recruiting data between business units of an organization is disclosed. It is determined that a first business unit has a contract to use a first set of resources of a social-networking system to manage a first set of profiles. It is determined that a second business unit has a contract to use a second set of resources to manage a second set of profiles. It is determined that the first entity used the first set of resources to create a private data item and to associate the private data item with a profile of the first set of profiles. It is determined that the profile of the first set of profiles and a profile of the second set of profiles correspond to the same person. The second entity is provided with access to the private data item, but not control of the first set of resources.",H04L 29/06 (20060101); G06Q 10/10 (20120101); G06Q 50/00 (20120101); G06F 7/04 (20060101); G06F 15/16 (20060101); G06F 17/30 (20060101),,0.879,0.813,0.942,0.868,0.785,0.732,0.413,0.875,
https://patents.justia.com/patent/9813430,Tracking data in an online environment,9813430,"Lifeng Sang (San Jose, CA); Daniel Wong (Sunnyvale, CA)","LinkedIn Corporation (Sunnyvale, CA)",2015-06-15,2017-11-07,"To detect potentially malicious behavior or fraud, online environments maintain counts of a variety of data items received via a webpage or an application. A bucket scheme to track and retrieve these counts is described. The bucket system maintains a rolling count over a period of time. The bucket system comprises three different tiers, each containing buckets corresponding to different periods of time. When a new data item is received, one bucket in each tier is updated. The bucket is updated by generating a bucket address and initiating or incrementing a counter counting the number of times the data item was received. To retrieve the count over a specified period of time, the counters in a plurality of the buckets are read and aggregated.",G06F 17/30 (20060101); H04L 29/06 (20060101),,0.749,0.825,0.898,0.868,0.773,0.732,0.317,0.84,
https://patents.justia.com/patent/20170316123,MODEL VALIDATION AND BIAS REMOVAL IN QUASI-EXPERIMENTAL TESTING OF MOBILE APPLICATIONS,20170316123,"Ya Xu (Los Altos, CA); Nanyu Chen (Sunnyvale, CA); Bryan G. Ng (Sunnyvale, CA); Weitao Duan (Mountain View, CA)","LinkedIn Corporation (Mountain View, CA)",2016-04-27,2017-11-02,"The disclosed embodiments provide a system for evaluating a performance of a mobile application. During operation, the system obtains, for a statistical model used in a quasi-experimental design, a first predicted outcome produced from a first set of data that is collected from two substantially identical versions of a mobile application. Next, the system uses the first predicted outcome to assess a bias of the statistical model. The system then improves an accuracy of the statistical model by using the assessed bias to normalize a second predicted outcome of the statistical model.",G06F 17/50 (20060101); G06F 17/18 (20060101),,0.854,0.608,0.907,0.842,0.768,0.735,0.467,0.853,
https://patents.justia.com/patent/20170316045,READ-AFTER-WRITE CONSISTENCY FOR DERIVED NON-RELATIONAL DATA,20170316045,"Viman Deb (San Jose, CA); Nicolette A. Askew (San Francisco, CA); Saung C. Li (Sunnyvale, CA); Timothy V. Santos (Mountain View, CA)","LinkedIn Corporation (Mountain View, CA)",2016-04-29,2017-11-02,"A system is provided that ensures read-after-write consistency. During operation, the system receives, from a user, a write to a record having a primary key in a master key-value store, wherein the write specifies a secondary key for the record. The system then caches the secondary key and the primary key in a cache entry in a cache, wherein the cache entry is associated with the user. Next, the system applies the write to the master key-value store. Prior to propagation of the write from the master key-value store to a derived key-value store that maps secondary keys to primary keys, the system receives from a given user a query for the record, the query comprising the secondary key and not the primary key. Next the system translates the secondary key to the primary key by querying the cache when the given user is the user.",G06F 17/30 (20060101),,0.866,0.66,0.916,0.842,0.77,0.735,0.362,0.935,
https://patents.justia.com/patent/20170316122,MODEL-BASED MATCHING FOR REMOVING SELECTION BIAS IN QUASI-EXPERIMENTAL TESTING OF MOBILE APPLICATIONS,20170316122,"Ya Xu (Los Altos, CA); Nanyu Chen (Sunnyvale, CA); Bryan G. Ng (Sunnyvale, CA); Weitao Duan (Mountain View, CA)","LinkedIn Corporation (Mountain View, CA)",2016-04-27,2017-11-02,"The disclosed embodiments provide a system for evaluating a performance of a mobile application. During operation, the system obtains a first set of data associated with adopters of a new version of a mobile application in a partial rollout of the new version and a second set of data associated with non-adopters of the new version in the partial rollout. Next, the system applies a statistical model to the first and second sets of data to select a subset of the non-adopters as potential adopters of the new version. The system then reduces a bias in a quasi-experimental design associated with the mobile application by using the first set of data and a third set of data associated with the potential adopters to estimate an average treatment effect (ATE) between the new version and an older version of the mobile application.",G06F 17/50 (20060101); G06F 11/36 (20060101); G06F 17/18 (20060101),,0.676,0.63,0.907,0.842,0.768,0.735,0.27,0.8,
https://patents.justia.com/patent/9805127,Methods and systems for utilizing activity data with clustered events,9805127,"Jennifer Granito Ruffner (San Francisco, CA); Eishay Smith (Cupertino, CA); Joseph Paul Betz (Mountain View, CA); Ian McCarthy (Menlo Park, CA)","LinkedIn Corporation (Sunnyvale, CA)",2014-12-10,2017-10-31,"The present disclosure relates to methods and systems for clustering individual items of web content, and then utilizing activity and profile data to both select clusters of content items for presentation to a user, and determining how the selected clusters of content items are presented to the user of an online social network service. With some embodiments, the activity data are derived by monitoring and detection interactions with the individual items of web content by an individual user, or other users with whom the individual user is related, as established via, and defined by, the social network service.",G06F 17/30 (20060101),,0.928,0.846,0.857,0.868,0.77,0.69,0.616,0.896,
https://patents.justia.com/patent/9807162,Method and system for communication between a server and a client device,9807162,"Touradj Barman (San Diego, CA); Kristofer Fox (El Segundo, CA)","LinkedIn Corporation (Sunnyvale, CA)",2014-01-14,2017-10-31,"Systems and methods providing users with a rich web experience are disclosed. In one embodiment, a client and at least one server are in communication using a dual communication link. In another embodiment, a markup language based instant messaging application is disclosed. The instant messaging application may include group instant messaging. The instant messaging application may also provide group member persistence and message persistence at the server. In another embodiment, a card based web application is disclosed, where the card information and character may be shared with other users or within a group. The cards may also be configurable by users.",G06F 15/16 (20060101); G06F 9/44 (20060101); H04L 29/08 (20060101); G06Q 10/10 (20120101); H04L 12/58 (20060101); G06F 17/22 (20060101); H04L 29/06 (20060101); G06F 3/0482 (20130101); G06F 3/0484 (20130101),,0.844,0.818,0.873,0.868,0.785,0.69,0.659,0.908,
https://patents.justia.com/patent/9807047,Methods and apparatus for targeting communications using social network metrics,9807047,"Brian Lawler (San Francisco, CA); Elliot Loh (San Francisco, CA); Paul J. Martino (Mountain View, CA); Mark Pincus (San Francisco, CA)","LinkedIn Corporation (Sunnyvale, CA)",2016-08-12,2017-10-31,"A method for a computer system includes receiving a first user communication, determining a first group of users, determining a target number of users, determining whether the first group of users includes the target number of users, and if not, providing the communication to the first group of users, determining a hierarchal mapping of groups of users in response to user memberships, determining a second group of users from the hierarchal mapping, determining a plurality of social network relationship factors for the second group of users with respect to the first user, and providing the communication to at least a subset of users in the second group of users in response to the first plurality of social network relationship factors.",G06F 15/16 (20060101); H04L 12/58 (20060101); G06Q 10/10 (20120101); G06Q 20/14 (20120101); H04L 12/18 (20060101); G06F 17/30 (20060101); G06F 3/0481 (20130101); H04L 29/06 (20060101),,0.853,0.856,0.878,0.868,0.754,0.69,0.164,0.769,
https://patents.justia.com/patent/20170308807,SECONDARY PROFILES WITH CONFIDENCE SCORES,20170308807,"Tobias M. Hauth (Palo Alto, CA); Paul M. Tyma (San Francisco, CA); Guanchao Wang (Santa Clara, CA); David Siuwai Lau (Mountain View, CA); Sowmitra Thallapragada (Fremont, CA); Richard G. Ramirez (Los Altos, CA); Pratik Daga (Sunnyvale, CA)","LinkedIn Corporation (Mountain View, CA)",2016-04-21,2017-10-26,"A system, apparatus, and method are provided for implementing secondary profiles for members of an online application or service. Each member has a corresponding primary profile populated by the member, and a secondary profile populated with information from data sources other than the member. Each fact or entry in the secondary (or inferred) profile is accompanied by a confidence score reflecting confidence in the source of the fact, confidence that the fact is correctly associated with this member, and/or other factors. A given fact may be obtained or extracted from multiple sources, with each copy or version assigned a separate confidence score. In response to a request to identify members having a particular attribute, in addition to identifying members that have the attribute in their primary profiles, members having the attribute in their secondary profiles may be identified if the corresponding confidence scores are greater than a threshold.",G06N 99/00 (20100101); G06N 7/00 (20060101); G06F 17/30 (20060101),,0.83,0.65,0.949,0.842,0.778,0.665,0.369,0.911,
https://patents.justia.com/patent/20170308561,INDEXING AND SEQUENTIALLY STORING VARIABLE-LENGTH DATA TO FACILITATE REVERSE READING,20170308561,"Sanjay Sachdev (San Jose, CA)","LinkedIn Corporation (Mountain View, CA)",2016-04-21,2017-10-26,"A system, method, and apparatus are provided for indexing and sequentially storing variable-length data in a manner that facilitates reverse reading. Each entry stored in a log file, database, or other repository includes a data record having a fixed number of keys, a key offset corresponding to each key, and size metadata identifying a size of the data record (and possibly the key offsets). Each key offset is an offset to another entry (e.g., the matching key offset of the entry) whose data record features the same value for the corresponding key. An index identifies, for each given value of each key, an index offset to a first entry (e.g., the most recently stored entry) that has the given value for that key. Retrieving records matching a particular key value therefore simply involves following the corresponding index offset and then some number of key offsets.",G06F 17/30 (20060101),,0.846,0.665,0.92,0.842,0.778,0.665,0.493,0.896,
https://patents.justia.com/patent/20170310594,EXPEDITED FABRIC PATHS IN SWITCH FABRICS,20170310594,"Saikrishna Mangala Kotha (San Jose, CA); Shafagh Zandi (San Francisco, CA)","LinkedIn Corporation (Mountain View, CA)",2016-04-25,2017-10-26,"The disclosed embodiments provide a system for operating a switch fabric. During operation, the system identifies network traffic for transmission between two access switches in a switch fabric. Next, the system selects a subset of the network traffic for forwarding on an expedited fabric path comprising a physical link between the two access switches that isolated from other physical links in the switch fabric. Next, the system forwards the subset of the network traffic on the expedited fabric path.",H04L 12/803 (20130101); H04L 12/863 (20130101); H04L 12/851 (20130101); H04L 12/947 (20130101); H04L /749 (20060101),,0.81,0.635,0.909,0.842,0.776,0.665,0.459,0.929,
