url,title,funder,opportunity_id,description,deadline,posted_date,award_amount,eligibility,program_url,title_confidence,funder_confidence,opportunity_id_confidence,description_confidence,deadline_confidence,posted_date_confidence,award_amount_confidence,eligibility_confidence,program_url_confidence
https://www.ukri.org/opportunity/nerc-urgency-funding-open/,NERC urgency funding,Natural Environment Research Council (NERC),,"Apply for funding to respond rapidly to transient environmental research opportunities arising from unexpected natural events, such as earthquakes, droughts, floods or ephemeral events in ecosystems. Funding supports the collection of critical early data, before the research opportunity is lost. Projects can request up to £100,000 full economic cost (FEC), with NERC funding up to 80% FEC. Projects can last up to one year. You must be based at a UK research organisation eligible for NERC funding. Applications are accepted at any time.",Open - no closing date,2026-09-24,"£100,000",To be a project lead or a project co-lead you must be based at an organisation complying with standard eligibility rules.,https://www.ukri.org/opportunity/nerc-urgency-funding-open/,0.725,0.322,,0.307,0.154,0.475,0.098,0.829,0.826
https://www.ukri.org/opportunity/ofgem-strategic-innovation-fund-discovery-c7/,Ofgem Strategic Innovation Fund Discovery C7,Innovate UK,,"See the full opportunity details on the Innovation Funding Service . Organisations can apply for a share of up to £30 million exclusive of VAT, for collaborative Discovery Phase Projects that meet the Innovation Challenges. This funding is from the Ofgem Strategic Innovation Fund. Eligibility summary This competition is open to collaborations only. To lead a Discovery Phase Project, you must be an Ofgem licensed electricity or gas distribution network, transmission operator, or National Energy System Operator (NESO).",2026-10-21,2026-09-23,,,https://www.ukri.org/opportunity/ofgem-strategic-innovation-fund-discovery-c7/,0.703,0.613,,0.194,0.696,0.451,,,0.868
https://www.ukri.org/opportunity/ahrc-responsive-mode-ukri-nsf-sbe-lead-agency/,AHRC UKRI NSF-SBE lead agency: applicant-led mode,Arts and Humanities Research Council (AHRC),,"The SBE-UKRI lead agency opportunity is currently paused and will not consider expressions of interest or applications until further notice. Other UKRI-NSF funding opportunities are not affected by this pause. Apply for funding to work with overseas researchers in the Unites States. Submit a collaborative research grant application within the remit of Arts and Humanities Research Council (AHRC) and US National Science Foundation, Social, Behavioural and Economic Sciences Directorate (NSF-SBE). Collaborative work is governed by an agreement between UK Research and Innovation (UKRI) and NSF-SBE. You must be based at a UK research organisation eligible for AHRC funding. The full economic cost (FEC) of the UK hosted element of your project must be between £300,000 and £1.5 million. AHRC will fund 80% the FEC. The maximum duration of these awards is four years.",Open - no closing date,2026-09-23,"£300,000 - £1,500,000",This opportunity is open to organisations with standard eligibility. Check if your organisation is eligible .,https://www.ukri.org/opportunity/ahrc-responsive-mode-ukri-nsf-sbe-lead-agency/,0.523,0.706,,0.17,0.154,0.452,0.109,0.683,0.862
https://www.ukri.org/opportunity/ahrc-responsive-mode-curiosity-award/,AHRC Curiosity Award: applicant-led mode,Arts and Humanities Research Council (AHRC),,"Apply for funding for flexible awards to fund fundamental research that leads to new research agendas, networking activity and idea generation, which enables the development of further research opportunities and new research agendas. You must be based at a UK research organisation eligible for AHRC funding. The full economic cost (FEC) of your project can be up to £100,000. AHRC will fund 80% of the FEC. Projects can be up to five years in duration.",Open - no closing date,2026-09-23,"£100,000",This funding opportunity is open to organisations with standard eligibility. Check if your organisation is eligible .,https://www.ukri.org/opportunity/ahrc-responsive-mode-curiosity-award/,0.291,0.706,,0.262,0.154,0.452,0.098,0.695,0.739
https://www.ukri.org/opportunity/ahrc-responsive-mode-working-with-brazilian-researchers/,AHRC Working with Brazilian researchers: Applicant-led mode,Arts and Humanities Research Council (AHRC),,"Apply for funding to work with overseas researchers in the State of São Paulo, Brazil. Submit a collaborative research grant application within the remit of Arts and Humanities Research Council (AHRC) and State of São Paulo Research Foundation (FAPESP). Collaborative work is governed by an agreement between UKRI and FAPESP. You must be based at a UK research organisation eligible for AHRC funding. The full economic cost (FEC) of the UK hosted element of your project must be between £300,000 and £1.5 million. AHRC will fund 80% the FEC. FAPESP will fund all justified costs for Brazilian based researchers, submitted through their SAGe system. The maximum duration of these awards is four years.",Open - no closing date,2026-09-23,"£300,000 - £1,500,000",This opportunity is open to organisations with standard eligibility. Check if your organisation is eligible .,https://www.ukri.org/opportunity/ahrc-responsive-mode-working-with-brazilian-researchers/,0.364,0.706,,0.192,0.154,0.452,0.109,0.683,0.815
https://www.ukri.org/opportunity/pushing-the-frontiers-of-environmental-research/,Pushing the frontiers of environmental research,Natural Environment Research Council (NERC),,"Apply for funding to pursue an adventurous, ambitious curiosity-driven project in environmental research. You must be: based at a UK research organisation eligible for Natural Environment Research Council (NERC) funding in a role that meets the individual eligibility requirements We welcome: multidisciplinary and interdisciplinary research projects delivered in partnership with other research funders and users The full economic cost (FEC) of your project can be up to £950,000. We will fund 80% of the FEC. There is no defined project duration, but awards are usually between three and four years.",Open - no closing date,2026-09-23,"£950,000",This opportunity is open to organisations with standard eligibility. Check if your organisation is eligible .,https://www.ukri.org/opportunity/pushing-the-frontiers-of-environmental-research/,0.695,0.322,,0.299,0.154,0.452,0.144,0.683,0.812
https://www.ukri.org/opportunity/ahrc-responsive-mode-collaborate-with-researchers-in-luxembourg/,AHRC Collaborate with researchers in Luxembourg: applicant-led mode,Arts and Humanities Research Council (AHRC),,"Apply for funding to work with overseas researchers in Luxembourg. Submit a collaborative research grant application within the remit of AHRC and Fonds National de la Recherche (FNR). Collaborative work is governed by an agreement between UK Research and Innovation (UKRI) and FNR. You must be based at a UK research organisation eligible for AHRC funding. The full economic cost (FEC) of your project must be between £300,000 and £1.5 million. AHRC will fund 80% the FEC. FNR will fund all justified costs for Luxembourg based researchers, submitted through their system. The maximum duration of these awards is four years.",Open - no closing date,2026-09-23,"£300,000 - £1,500,000",This funding opportunity is open to organisations with standard eligibility. Check if your organisation is eligible .,https://www.ukri.org/opportunity/ahrc-responsive-mode-collaborate-with-researchers-in-luxembourg/,0.323,0.706,,0.184,0.154,0.452,0.109,0.695,0.799
https://www.ukri.org/opportunity/ahrc-catalyst-awards-applicant-led-mode/,AHRC Catalyst Awards: applicant-led mode,Arts and Humanities Research Council (AHRC),,"Apply for funding to support researchers without prior experience of leading a significant research project to accelerate their trajectory as independent researchers, to unlock their potential, build leadership and convenor experience. You must be based at a UK research organisation eligible for AHRC funding. The full economic cost (FEC) of your project can be up to £300,000. AHRC will fund 80% of the FEC. Funding for projects can be up to five years in duration.",Open - no closing date,2026-09-23,"£100,000 - £300,000",This funding opportunity is open to organisations with standard eligibility.,https://www.ukri.org/opportunity/ahrc-catalyst-awards-applicant-led-mode/,0.516,0.706,,0.299,0.154,0.452,0.502,0.6,0.856
https://www.ukri.org/opportunity/ahrc-responsive-mode-standard-research-grant/,AHRC Standard research grant: applicant-led mode,Arts and Humanities Research Council (AHRC),,"Apply for AHRC standard research grant funding to support well-defined collaborative projects across the arts and humanities, in areas covered by our remit. You must include a project lead and at least one project co-lead jointly involved in the development and management of the project and co-authored research outputs You must be based at a UK research organisation eligible for AHRC funding. The full economic cost (FEC) of your project can be between £300,000 and £1.5 million. AHRC will fund 80% of the FEC. The maximum duration of these awards is five years.",Open - no closing date,2026-09-23,"£300,000 - £1,500,000",This funding opportunity is open to organisations with standard eligibility. Check if your organisation is eligible .,https://www.ukri.org/opportunity/ahrc-responsive-mode-standard-research-grant/,0.437,0.706,,0.289,0.154,0.452,0.109,0.695,0.848
https://www.ukri.org/opportunity/ofgem-strategic-innovation-fund-round-five-discovery-c7/,Ofgem Strategic Innovation Fund round five discovery C7,Innovate UK,,"See the full opportunity details on the Innovation Funding Service . Organisations can apply for a share of up to £30 million exclusive of VAT, for collaborative discovery phase projects that meet the round five challenges. This funding is from the Ofgem Strategic Innovation Fund. Eligibility summary This competition is open to collaborations only. To lead a discovery phase project, you must be an Ofgem licensed: electricity or gas distribution network transmission operator National Energy System Operator",2026-10-21,2026-09-22,,,https://www.ukri.org/opportunity/ofgem-strategic-innovation-fund-round-five-discovery-c7/,0.59,0.613,,0.19,0.696,0.483,,,0.842
https://www.ukri.org/opportunity/centres-of-excellence-for-regulatory-science-and-innovation/,Centres of Excellence for Regulatory Science and Innovation,Medical Research Council (MRC),,"Apply for funding to establish a Centre of Excellence for Regulatory Science and Innovation (CERSI) to address strategic regulatory science priorities through sustained programmes of research. You must be based at a UK research organisation eligible for Medical Research Council (MRC) funding. CERSIs will be funded for up to five years, your award will initially last for three years, with a further two years dependent on government spending review and budget allocation. We expect to fund four CERSIs.",2027-01-12,2026-09-22,,This opportunity is open to organisations based in the UK with standard eligibility. Check if your organisation is eligible,https://www.ukri.org/opportunity/centres-of-excellence-for-regulatory-science-and-innovation/,0.764,0.288,,0.202,0.252,0.483,,0.699,0.806
https://www.ukri.org/opportunity/long-term-cultural-and-sporting-events-legacy/,Long-term cultural and sporting events legacy,Arts and Humanities Research Council (AHRC),,"Apply for funding to research the long-term impact and legacy of major sporting and cultural events in the UK, focusing on running a live experimental evaluation of a major event that fills gaps in existing methodologies. You must be based at a UK research organisation eligible for AHRC funding. The full economic cost (FEC) of your project can be up to £1.32 million. AHRC will fund 80% of the FEC. Projects will be funded up to a maximum of 34 months and must start on 1 May 2027 and must be completed by 31 March 2030.",2026-12-01,2026-09-22,"£1,100,000 - £1,320,000","This is a UK Research and Innovation (UKRI) funding opportunity led by the AHRC in partnership with the Department for Culture, Media and Sport (DCMS). It is open to the research and innovation communities of all UKRI research councils and Innovate UK.",https://www.ukri.org/opportunity/long-term-cultural-and-sporting-events-legacy/,0.78,0.706,,0.196,0.199,0.483,0.502,0.347,0.825
https://www.ukri.org/opportunity/attendance-and-engagement-at-uk-sporting-cultural-and-heritage-sites/,"Attendance and engagement at UK sporting, cultural and heritage sites",Arts and Humanities Research Council (AHRC),,"Apply for funding to research the development of novel data-intensive approaches for capturing engagement data from unticketed cultural, heritage, and sporting events, activities and locations, demonstrated through a deployable tool in at least one Department for Culture, Media and Sport (DCMS) sector. You must be based at a UK research organisation eligible for AHRC funding. The full economic cost (FEC) of your project can be up to £1.32 million. AHRC will fund 80% of the FEC. Projects will be funded up to a maximum of 34 months and must start on 1 May 2027 and must be completed by 31 March 2030.",2026-12-01,2026-09-22,"£1,100,000 - £1,320,000",This is a UK Research and Innovation (UKRI) funding opportunity led by the AHRC in partnership with the DCMS. It is open to the research and innovation communities of all UKRI research councils and Innovate UK.,https://www.ukri.org/opportunity/attendance-and-engagement-at-uk-sporting-cultural-and-heritage-sites/,0.67,0.706,,0.215,0.199,0.483,0.502,0.276,0.792
https://www.ukri.org/opportunity/commercialising-knowledge-assets-fund-ckaf-winter-2/,Commercialising Knowledge Assets Fund (CKAF) Winter,Innovate UK,,"See the full opportunity details on the Innovation Funding Service . UK registered government research organisations can apply for grants from £50,000 up to £250,000 to move viable public sector knowledge assets towards commercial readiness. This funding is provided by the Government Office for Technology Transfer. Eligibility summary This competition is open to single applicants. Grants shall be awarded to, and administered by, the applicant organisation. To lead a project your organisation must be a UK registered: Public Sector Research Establishment (PRSE), UKRI wholly owned institute or; other public sector bodies that meet GOTT standard eligibility criteria, for example, arms length bodies (ALBs), that undertake research as a primary function",2026-12-01,2026-09-22,,,https://www.ukri.org/opportunity/commercialising-knowledge-assets-fund-ckaf-winter-2/,0.707,0.613,,0.204,0.459,0.483,,,0.838
https://www.ukri.org/opportunity/gambling-harms-research-grants/,Gambling harms research grants,Arts and Humanities Research Council (AHRC),,"Apply for funding that deepens understanding or supports solutions for the prevention and treatment of gambling-related harms. To lead an application, you must be based at a research organisation eligible for UK Research and Innovation (UKRI) funding. This funding opportunity is open to research communities across all UKRI research councils. Interdisciplinary or multidisciplinary approaches are encouraged. The full economic cost (FEC) of your project can be up to £2 million, for up to three years. UKRI will fund 80% of the FEC.",2026-12-08,2026-09-21,"£2,000,000",This opportunity is open to organisations with standard eligibility. Project leads must be based at a UK research institution eligible for UK Research and Innovation (UKRI) funding. Check if your organisation is eligible .,https://www.ukri.org/opportunity/gambling-harms-research-grants/,0.636,0.706,,0.197,0.388,0.444,0.6,0.814,0.84
https://www.ukri.org/opportunity/economic-statistics-centre-of-excellence-2027-2030-invite-only/,Economic Statistics Centre of Excellence 2027-2030 – invite only,Economic and Social Research Council (ESRC),,"This invite-only funding opportunity is designed to support the Economic Statistics Centre of Excellence (ESCoE). This funding will support ESCoE’s high-quality research to improve economic measurement, enhance the production of key statistics, and address challenges related to economic measurement, including the following objectives: to provide research that helps modernise economic data collection, processing and analysis to support the Office for National Statistics (ONS) in shaping global economic measurement standards working with researchers and statistical agencies in the UK and abroad The award must start by 1 April 2027 and last 36 months.",2026-11-05,2026-09-18,"£8,007,500",You can only apply for this funding opportunity if we have invited you to do so.,https://www.ukri.org/opportunity/economic-statistics-centre-of-excellence-2027-2030-invite-only/,0.314,0.335,,0.603,0.427,0.342,0.74,0.202,0.819
https://www.ukri.org/opportunity/battery-innovation-concept-development-round-three/,Battery innovation: concept development round three,Innovate UK,,"See the full opportunity details on the Innovation Funding Service . UK registered businesses can apply for a share of up to £25 million to support innovation in battery grade material technologies for electrification. This funding is from the battery innovation programme. Eligibility summary This competition is open to collaborations only. To lead a collaborative project your organisation must be a UK registered business. The consortium must contain at least one UK registered micro, small or medium sized enterprise claiming grant funding on this application.",2026-12-02,2026-09-18,,,https://www.ukri.org/opportunity/battery-innovation-concept-development-round-three/,0.608,0.613,,0.272,0.635,0.342,,,0.752
https://www.ukri.org/opportunity/battery-innovation-feasibility-studies-round-three/,Battery innovation: feasibility studies round three,Innovate UK,,"See the full opportunity details on the Innovation Funding Service . UK registered businesses can apply for a share of up to £25 million to support innovation in battery grade material technologies for electrification. This funding is from the battery innovation programme. Eligibility summary This competition is open to collaborations. To lead a collaborative project your organisation must be a UK registered business. The consortium must contain at least one UK registered micro, small or medium sized enterprise claiming grant funding on this application.",2026-12-02,2026-09-18,,,https://www.ukri.org/opportunity/battery-innovation-feasibility-studies-round-three/,0.621,0.613,,0.253,0.635,0.342,,,0.691
https://www.ukri.org/opportunity/longitudinal-population-studies-strategic-prioritisation-exercise/,Longitudinal population studies strategic prioritisation exercise,Medical Research Council (MRC),,"Submit information about your longitudinal population study (LPS) to help Medical Research Council (MRC) plan for future investments in LPS infrastructure. This opportunity is part of a strategic prioritisation exercise (SPE) that will not lead directly to funding but will shape MRC plans. The SPE covers 10 years, nominally 2029 to 2039. You must be based at a UK research organisation eligible for MRC funding. Your LPS must have a primary focus on enabling biomedical research.",2026-11-17,2026-09-17,,This opportunity is open to organisations with standard eligibility. Check if your organisation is eligible .,https://www.ukri.org/opportunity/longitudinal-population-studies-strategic-prioritisation-exercise/,0.652,0.288,,0.158,0.513,0.307,,0.683,0.825
https://www.ukri.org/opportunity/nqs-mission-2-components-systems-and-architectures/,"NQS Mission 2: Components, systems and architectures",Engineering and Physical Sciences Research Council (EPSRC),,"Apply for funding to advance the research capabilities required to deliver the UK National Quantum Strategy Mission 2, strengthening the UK’s leadership in quantum networking and communications and accelerating progress towards the deployment of the world’s most advanced quantum network and the future quantum internet. You must be based at a UK research organisation eligible for Engineering and Physical Sciences Research Council (EPSRC) funding. The full economic cost (FEC) of your application can be up to £2.56 million. EPSRC will fund 80% of the FEC. Projects must be no more than 33 months in duration with the latest start date of 31 May 2027.",2026-11-24,2026-09-17,"£2,560,000",This opportunity is open to organisations with standard eligibility. Check if your organisation is eligible .,https://www.ukri.org/opportunity/nqs-mission-2-components-systems-and-architectures/,0.584,0.562,,0.244,0.366,0.307,0.481,0.683,0.831
https://www.ukri.org/opportunity/ukri-enabling-ai-adoption-across-science-and-engineering/,UKRI Enabling AI adoption across science and engineering,,,"Apply for funding for ambitious and exploratory projects bringing together AI and domain expertise. Projects will have the potential to unlock new opportunities for applying artificial intelligence (AI) to important research challenges in priority science and engineering disciplines. You must be based at a UK research organisation eligible for UK Research and Innovation (UKRI)funding. The full economic cost (FEC) of your project can be up to £250,000. UKRI will fund 80% of the FEC. Projects must be no more than one year in duration with a fixed start date of 26 April 2027.",2026-12-01,2026-09-17,"£250,000",This opportunity is open to organisations with standard eligibility. Check if your organisation is eligible .,https://www.ukri.org/opportunity/ukri-enabling-ai-adoption-across-science-and-engineering/,0.622,,,0.357,0.199,0.307,0.131,0.683,0.721
https://www.ukri.org/opportunity/nqs-mission-2-coordination-network/,NQS Mission 2 Coordination Network,Engineering and Physical Sciences Research Council (EPSRC),,"Apply for funding to establish a coordination network supporting Mission 2 of the UK National Quantum Strategy. The network will bring together researchers, industry partners, and network operators to strengthen collaboration, maximise the impact of Mission 2 investments, accelerate progress towards secure, scalable quantum communications and the quantum internet. You must be based at a UK research organisation eligible for Engineering and Physical Sciences Research Council (EPSRC) funding. The full economic cost (FEC) can be up to £630,937. EPSRC will fund 80% of the FEC. Projects must be no more than 33 months in duration and start by 31 May 2027.",2026-11-24,2026-09-16,"£630,937",This funding opportunity is open to organisations with standard eligibility. Check if your organisation is eligible .,https://www.ukri.org/opportunity/nqs-mission-2-coordination-network/,0.63,0.562,,0.308,0.366,0.395,0.199,0.695,0.817
https://www.ukri.org/opportunity/bioinformatics-and-biological-resources-fund-26bbr/,Bioinformatics and Biological Resources Fund (26BBR),Biotechnology and Biological Sciences Research Council (BBSRC),,"Apply for funding to implement, improve or consolidate bioinformatics or biological resources in support of UK bioscience, helping to drive forwards progress in bioscience research and innovation. Your project must focus on the delivery of a community resource that addresses a significant demand or supports an established user base in the biosciences. You must be based at a UK research organisation eligible for BBSRC funding. The full economic cost (FEC) of your project can be up to £2 million. BBSRC will fund 80% of the FEC, that is, up to £1.6 million. Projects can be up to five years in duration.",2026-11-19,2026-09-16,"£2,000,000",This funding opportunity is open to organisations with standard eligibility. Check if your organisation is eligible .,https://www.ukri.org/opportunity/bioinformatics-and-biological-resources-fund-26bbr/,0.74,0.296,,0.393,0.358,0.395,0.6,0.695,0.837
https://www.ukri.org/opportunity/engineering-biology-collaborative-rd-round-3/,Engineering Biology Collaborative R&D: Round 3,Innovate UK,,"See the full opportunity details on the Innovation Funding Service . UK registered businesses can apply for a share of up to £8.5 million to develop and scale Engineering Biology platforms, products and services. This funding is part of UKRI’s Engineering Biology Programme. Eligibility summary This competition is open to collaborations only. To lead a collaborative project your organisation must be a UK registered business of any size. The consortium must contain at least one UK registered micro, small or medium sized enterprise (SME) claiming grant funding on this application.",2026-11-03,2026-09-15,,,https://www.ukri.org/opportunity/engineering-biology-collaborative-rd-round-3/,0.709,0.613,,0.208,0.645,0.419,,,0.805
https://www.ukri.org/opportunity/ultra-long-duration-energy-storage-project-development-studies-relaunch/,Ultra Long Duration Energy Storage Project Development Studies Relaunch,Innovate UK,,"See the full opportunity details on the Innovation Funding Service . UK registered businesses can apply for a share of up to £3 million for project development studies to support the development of electrochemical ultra long duration energy storage demonstration projects in the UK. Eligibility summary This competition is open to single applicants and collaborations. To lead a collaborative project or to work alone, your organisation must be a UK registered business of any size. The consortium may also contain one or more of the following organisation types: other UK registered business academic institution research and technology organisation (RTO) charity not for profit public sector organisation",2026-09-30,2026-09-14,,,https://www.ukri.org/opportunity/ultra-long-duration-energy-storage-project-development-studies-relaunch/,0.472,0.613,,0.203,0.699,0.429,,,0.791
https://www.ukri.org/opportunity/invite-only-precision-prevention-biological-mechanisms-of-response-variation/,Invite only: Precision prevention: biological mechanisms of response variation,Medical Research Council (MRC),,"Apply for funding to investigate why biomedical prevention interventions work differently across people. Projects must generate mechanistic evidence in humans by testing biomedical experimental interventions or challenges in pre-disease or early disease states, providing insight into how to improve the targeting and effectiveness of precision prevention strategies. Your project must: include an experimental intervention or challenge in humans focus on a mechanistic hypothesis The full economic cost (FEC) of your project can be up to £5 million over a duration of up to five years. MRC will fund 80% of your project’s full economic cost. You must have submitted a mandatory expression of interest (EOI) and be invited to submit a full application.",2026-11-05,2026-09-10,,This opportunity is open to organisations with standard eligibility. Check if your organisation is eligible .,https://www.ukri.org/opportunity/invite-only-precision-prevention-biological-mechanisms-of-response-variation/,0.493,0.288,,0.313,0.427,0.392,,0.683,0.792
https://www.ukri.org/opportunity/small-molecule-high-throughput-screen-using-astrazeneca-facilities/,Small molecule high throughput screen using AstraZeneca facilities,Medical Research Council (MRC),,"Apply for funding to run a high throughput screen (HTS) using AstraZeneca’s compound library and screening robots. There are two funding opportunities per year, that are open to all targets.",2027-01-28,2026-09-10,"£270,000",This opportunity is open to organisations with standard eligibility. Check if your organisation is eligible .,https://www.ukri.org/opportunity/small-molecule-high-throughput-screen-using-astrazeneca-facilities/,0.678,0.288,,0.177,0.294,0.392,0.157,0.683,0.777
https://www.ukri.org/opportunity/expression-of-interest-chemical-biological-radiological-and-nuclear-cbrn-medical-countermeasures-rd/,"Expression of interest: Chemical, biological, radiological and nuclear (CBRN) medical countermeasures R&D",Medical Research Council (MRC),,"Apply for funding to develop and test novel therapeutics, medical devices, diagnostics and other interventions across any stage of the developmental pathway, from prototype development, through pre-clinical refinement, to early-phase clinical studies (up to phase 2a) for CBRN threats. Applications must demonstrate how the proposed research will result in improved domestic preparedness for CBRN threats. There is a funding limit of £4 million per application and requested costs should be appropriate to the project. MRC will fund 80% of the full economic cost (FEC). The duration of your project should be up to 30 months. You must submit a mandatory expression of interest (EOI) and be invited to submit a full application.",2026-10-20,2026-09-10,,This funding opportunity is open to organisations with standard eligibility Check if your organisation is eligible .,https://www.ukri.org/opportunity/expression-of-interest-chemical-biological-radiological-and-nuclear-cbrn-medical-countermeasures-rd/,0.624,0.288,,0.228,0.358,0.392,,0.763,0.808
https://www.ukri.org/opportunity/biodiversa-2026-to-2027-novel-ecosystems-biodivfuture/,Biodiversa+ 2026 to 2027: novel ecosystems (BiodivFuture),Natural Environment Research Council (NERC),,"This funding opportunity allows UK based researchers to collaborate with international partners and submit joint application to the Biodiversa+ 2026 to 2027 joint funding opportunity Novel ecosystems (BiodivFuture). You must be based at a UK research organisation eligible for NERC funding. The full economic cost (FEC) of the total requested budget from all UK partners on a project can be up to £375,000. NERC will fund 80% of the FEC and fund your project for up to 36 months.",2027-04-16,2026-09-09,"£375,000",You should refer to the Biodiversa+ website for general eligibility and the specific funding organisation eligibility rules for UK Research and Innovation (UKRI) before applying.,https://www.ukri.org/opportunity/biodiversa-2026-to-2027-novel-ecosystems-biodivfuture/,0.727,0.322,,0.216,0.538,0.361,0.427,0.212,0.794
https://www.ukri.org/opportunity/pre-announcement-nmip-sandpit-digital-materials-for-accelerated-innovation/,Pre-announcement: NMIP sandpit: Digital materials for accelerated innovation,Engineering and Physical Sciences Research Council (EPSRC),,Apply to attend a three to five-day sandpit to develop high-impact projects that address the challenges and opportunities of integrating digital approaches to accelerate the translation of materials research. You must be based at a UK research organisation eligible for Engineering and Physical Sciences Research Council (EPSRC) funding to receive project funding from the sandpit. Attendance at the sandpit does not guarantee UK Research and Innovation (UKRI) funding. This is a pre-announcement and the information may change. The funding opportunity will open later in 2026. More information will be available on this page then.,To be confirmed,2026-09-09,,This opportunity is open to organisations with standard eligibility. Check if your organisation is eligible .,https://www.ukri.org/opportunity/pre-announcement-nmip-sandpit-digital-materials-for-accelerated-innovation/,0.458,0.562,,0.217,0.619,0.361,,0.683,0.829
https://www.ukri.org/opportunity/medicines-manufacturing-data-institute-phase-1/,Medicines Manufacturing Data Institute: Phase 1,Innovate UK,,"See the full opportunity details on the Innovation Funding Service . UK registered organisations can apply for a share of up to £500,000 for a phase 1 project to establish the Medicines Manufacturing Data Institute (MMDI). This funding is from Innovate UK. Eligibility summary This competition is open to single applicants and collaborations. To work alone or lead a collaborative project your organisation must be a UK registered: business of any size academic institutions research and technology organisations charity not for profit public sector organisation",2026-10-14,2026-09-08,,,https://www.ukri.org/opportunity/medicines-manufacturing-data-institute-phase-1/,0.62,0.613,,0.263,0.698,0.387,,,0.777
https://www.ukri.org/opportunity/engineering-biology-access-to-infrastructure-pilot/,Engineering Biology Access to Infrastructure Pilot,Innovate UK,,"See the full opportunity details on the Innovation Funding Service . UK registered businesses can apply for a share of up to £5 million for Engineering Biology pilot scale and validation projects. This funding is part of UKRI’s Engineering Biology Programme and funded by BIST. Eligibility summary This competition is open to single applicants and collaborations. To lead a collaborative project or work alone, your organisation must be a UK registered micro, small or medium sized enterprise (SME).",2026-10-21,2026-09-08,,,https://www.ukri.org/opportunity/engineering-biology-access-to-infrastructure-pilot/,0.746,0.613,,0.21,0.696,0.387,,,0.803
https://www.ukri.org/opportunity/focal-award-epsrc-and-mhclg-fire-engineering-skills-hub/,Focal award: EPSRC and MHCLG Fire Engineering Skills Hub,Engineering and Physical Sciences Research Council (EPSRC),,"Apply for funding for a skills hub to deliver high quality, cohort based doctoral training, and design of high-quality postgraduate level taught programmes in fire engineering EPSRC have up to £5.9 million funding available for this funding opportunity. As a non-full economic cost award, EPSRC will fund 100% of eligible costs listed in the funding opportunity. Estates and indirect costs will not be funded. To apply, an expression of interest must be completed by 1 October 2026 at 4:00pm UK time.",2026-11-03,2026-09-08,,This opportunity is open to organisations with standard eligibility. Check if your organisation is eligible .,https://www.ukri.org/opportunity/focal-award-epsrc-and-mhclg-fire-engineering-skills-hub/,0.602,0.562,,0.238,0.416,0.388,,0.683,0.844
https://www.ukri.org/opportunity/esrc-applicant-led-grow-awards/,Pre-announcement: ESRC applicant-led: grow awards,Economic and Social Research Council (ESRC),,"Apply for funding to build the skills, experience and confidence to make a step-change in your research career. Grow awards support individuals at key career points to develop new capabilities or pivot in a new direction, strengthening the long-term capacity, adaptability and resilience of the UK’s social science research base. You must be based at a UK research organisation eligible for ESRC funding. The full economic cost (FEC) of your project can be up to £500,000. ESRC will fund 80% of the FEC. Projects can last between 18 months and five years. This is a pre-announcement and the information may change. More information will be available on this page when the funding opportunity opens.",Open - no closing date,2026-09-08,"£100,000 - £500,000",This opportunity will be open to organisations with standard eligibility. Check if your organisation is eligible .,https://www.ukri.org/opportunity/esrc-applicant-led-grow-awards/,0.419,0.335,,0.321,0.154,0.388,0.302,0.656,0.849
https://www.ukri.org/opportunity/esrc-applicant-led-explore-awards/,Pre-announcement: ESRC applicant-led: explore awards,Economic and Social Research Council (ESRC),,"Apply for funding to advance knowledge through ambitious, curiosity-driven social science. We are looking for creative, innovative and bold proposals within ESRC’s remit that advance knowledge by pushing disciplinary, methodological or conceptual boundaries. You can propose the approach that best achieves your aims. We will fund individuals or research teams with up to four core members. You must be based at a UK research organisation eligible for ESRC funding. The full economic cost (FEC) of your project can be up to £2 million. ESRC will fund 80% of the FEC. Projects can last up to five years. This is a pre-announcement and the information may change. More information will be available on this page when the funding opportunity opens.",Open - no closing date,2026-09-08,"£300,000 - £2,000,000",This opportunity will be open to organisations with standard eligibility. Check if your organisation is eligible .,https://www.ukri.org/opportunity/esrc-applicant-led-explore-awards/,0.627,0.335,,0.612,0.154,0.388,0.436,0.656,0.856
https://www.ukri.org/opportunity/esrc-applicant-led-challenge-awards/,Pre-announcement: ESRC applicant-led: challenge awards,Economic and Social Research Council (ESRC),,"Apply for funding to bring people, expertise and ideas together in ambitious, larger-scale programmes. Challenge awards tackle major research, economic and societal challenges, generating impactful new knowledge and innovation. You must be based at a UK research organisation eligible for ESRC funding. The full economic cost (FEC) of your project can be between £2 million and £10 million. ESRC will fund 80% of the FEC. Projects can be up to five years in length. This is a pre-announcement and the information may change. More information will be available on this page when the funding opportunity opens.",Open - no closing date,2026-09-08,"£2,000,000 - £10,000,000",This opportunity will be open to organisations with standard eligibility. Check if your organisation is eligible .,https://www.ukri.org/opportunity/esrc-applicant-led-challenge-awards/,0.611,0.335,,0.365,0.154,0.388,0.837,0.656,0.821
https://www.ukri.org/opportunity/water4all-2026-call-sustainable-water-management/,Water4All 2026 call: sustainable water management,Natural Environment Research Council (NERC),,"Submit a pre-proposal on the Water4All website . Funding for UK based researchers to collaborate with international partners and submit joint application to the Water4All 2026 joint translational call: sustainable water management. You must be based at a UK research organisation eligible for UK Research and Innovation (UKRI) funding. To be eligible, transnational research consortia must include teams from a minimum of three countries financially participating in the call . The full economic cost (FEC) of the total requested budget from all UK partners on a project can be up to £312,500. UKRI will fund 80% of the FEC and fund your project for up to 36 months.",2027-04-06,2026-09-08,"£312,500",Refer to the Water4All website for general eligibility and the specific funding organisation eligibility rules for UKRI before applying.,https://www.ukri.org/opportunity/water4all-2026-call-sustainable-water-management/,0.688,0.322,,0.176,0.202,0.388,0.407,0.237,0.848
https://www.ukri.org/opportunity/epsrc-defra-reimagining-circularity-full-stage/,EPSRC-Defra Reimagining Circularity: full stage,Engineering and Physical Sciences Research Council (EPSRC),,"Engineering and Physical Sciences Research Council (EPSRC) invite you to develop a NetworkPlus which builds new capacity, strengthens community and enhances research to innovation capabilities focused on the circular economy in data and metrics, or textiles. You must imaginatively use the ‘Plus’ element to accelerate impact in your chosen area. You must be at a UK research organisation eligible for EPSRC funding. Teams must implement an inter or transdisciplinary approach, or both, including industrial partners. The full economic cost (FEC) of your project can be up to £5.41 million. We will fund 80% FEC for up to 36 months.",2026-11-03,2026-09-07,"£5,410,000",You can only apply for this funding opportunity if we have invited you to do so following a successful outline application.,https://www.ukri.org/opportunity/epsrc-defra-reimagining-circularity-full-stage/,0.649,0.562,,0.325,0.416,0.427,0.579,0.19,0.838
https://www.ukri.org/opportunity/farming-innovation-programme-small-rd-partnership-projects-round-5/,Farming Innovation Programme: Small R&D Partnership Projects Round 5,Innovate UK,,"See the full opportunity details on the Innovation Funding Service . UK registered businesses can apply for a share of up to £13 million for small R&D partnership projects. This funding is from the industry led R&D Partnerships Fund, a part of the Defra Farming Innovation Programme. Eligibility summary This competition is open to collaborations only. To lead a collaborative project your organisation must be a UK registered business. The consortium must contain at least one UK registered micro, small or medium sized enterprise (SME) claiming grant funding on this application.",2026-10-14,2026-09-03,,,https://www.ukri.org/opportunity/farming-innovation-programme-small-rd-partnership-projects-round-5/,0.423,0.613,,0.251,0.698,0.356,,,0.818
https://www.ukri.org/opportunity/national-materials-innovation-programme-crd-rd1/,National Materials Innovation Programme: CR&D Rd1,Innovate UK,,"See the full opportunity details on the Innovation Funding Service . UK registered businesses can apply for a share of up to £12 million for collaborative industrial research to speed the translation of advanced materials innovations in three prioritised high growth themes and one strategic opportunity theme. Eligibility summary This competition is open to collaborations only. To lead a collaborative project your organisation must be a UK registered business of any size. The consortium must contain at least one UK registered micro, small or medium sized enterprise (SME) claiming grant funding on this application.",2026-10-28,2026-09-03,,,https://www.ukri.org/opportunity/national-materials-innovation-programme-crd-rd1/,0.147,0.613,,0.245,0.364,0.356,,,0.845
https://www.ukri.org/opportunity/investor-partnerships-act-and-semiconductors/,Investor Partnerships – ACT and Semiconductors,Innovate UK,,"See the full opportunity details on the Innovation Funding Service . UK registered SMEs can apply for grant funding alongside private investment from selected investor partners. Eligibility summary This competition is open to single applicants only. To apply your organisation must: be a UK registered micro, small or medium sized business (SME) carry out its project work in the UK intend to exploit the results from or in the UK have been invited to apply by an investor from our pool of selected investor partners",2026-10-14,2026-09-01,,,https://www.ukri.org/opportunity/investor-partnerships-act-and-semiconductors/,0.504,0.613,,0.182,0.698,0.42,,,0.778
https://www.ukri.org/opportunity/cfi-engineering-biology-for-defra-and-fsa-phase-1/,CfI: Engineering Biology for Defra and FSA Phase 1,Innovate UK,,"See the full opportunity details on the Innovation Funding Service . Organisations can apply for a share up to £3 million inclusive of VAT, to develop and scale Engineering Biology platforms, products and services. Eligibility summary To lead a project, you can: be a UK based organisation of any size work alone or with other organisations as subcontractors Contracts will be awarded to a single legal entity only.",2026-10-14,2026-09-01,,,https://www.ukri.org/opportunity/cfi-engineering-biology-for-defra-and-fsa-phase-1/,0.584,0.613,,0.237,0.698,0.42,,,0.824
https://www.ukri.org/opportunity/trust-and-confidence-in-policing-research-innovation-consortium/,Trust and confidence in policing: Research & Innovation Consortium,Arts and Humanities Research Council (AHRC),,"Apply for funding to develop and test dynamic tools and approaches to measure public trust and confidence in policing. The consortium will develop methods to capture the views of the wider community, underrepresented groups, groups who are a priority for policing and their partners, with particular focus on the voices of under-18s and victims and survivors of violence against women and girls. Project leads must be based at a UK research organisation eligible for UKRI funding. The full economic cost (FEC) of your project can be up to £2 million. UKRI will fund 80% of the FEC. The Consortium must start by 1 February 2027 for a duration of 36 months.",2026-10-27,2026-09-01,"£2,000,000",This opportunity is open to organisations with standard eligibility.,https://www.ukri.org/opportunity/trust-and-confidence-in-policing-research-innovation-consortium/,0.664,0.706,,0.27,0.437,0.42,0.6,0.684,0.751
https://www.ukri.org/opportunity/economic-research-on-the-returns-to-rd-investment/,Economic research on the returns to R&D investment,Economic and Social Research Council (ESRC),,"Apply for funding to support research that can help develop new measurements of the return on investments in research and development (R&D). You must be based at a UK research organisation eligible for UK Research and Innovation (UKRI) funding, however, collaborations with international researchers are strongly encouraged. The full economic cost (FEC) of your project can be up to £308,000. UKRI will fund 80% of the FEC. The duration of this award is 24 months. Projects should start no later than 1 April 2027.",2026-11-19,2026-08-28,"£308,000",This opportunity is open to organisations with standard eligibility. Check if your organisation is eligible .,https://www.ukri.org/opportunity/economic-research-on-the-returns-to-rd-investment/,0.694,0.335,,0.219,0.358,0.464,0.163,0.683,0.698
https://www.ukri.org/opportunity/mrc-centre-of-research-excellence-round-five/,MRC Centre of Research Excellence: round five: outline application,Medical Research Council (MRC),,"Apply for MRC Centre of Research Excellence (MRC CoRE) funding to tackle complex and interdisciplinary health challenges. You must be based at a UK research organisation eligible for Medical Research Council (MRC) funding. MRC CoREs will be funded for up to 14 years. Your award will initially last for seven years, with a further seven years based on successful review. The full economic cost (FEC) of your MRC CoRE can be up to £26.25 million for the first seven years. MRC will fund 80% of the FEC. The maximum MRC contribution will be £21 million. This is an annual funding opportunity. We expect to fund one or two MRC CoREs every year.",2027-02-03,2026-08-27,"£26,250,000",This opportunity is open to organisations with standard eligibility. Check if your organisation is eligible .,https://www.ukri.org/opportunity/mrc-centre-of-research-excellence-round-five/,0.519,0.288,,0.201,0.361,0.405,0.489,0.683,0.806
https://www.ukri.org/opportunity/advanced-manufacturing-measurement-and-sensing-pilot/,Advanced manufacturing: measurement and sensing pilot,Innovate UK,,"See the full opportunity details on the Innovation Funding Service . UK registered businesses can apply for a share of up to £1 million as part of a pilot. This is to support high potential businesses developing a technology, product or service in measurement, instrumentation or sensing for UK manufacturing. Eligibility summary This pilot is open to single applicants only. To be eligible to join the pilot, your business must be a UK registered micro, small or medium sized enterprise .",2026-10-07,2026-08-27,,,https://www.ukri.org/opportunity/advanced-manufacturing-measurement-and-sensing-pilot/,0.736,0.613,,0.182,0.713,0.405,,,0.805
https://www.ukri.org/opportunity/exploring-the-frontiers-of-environmental-research-2026/,Exploring the frontiers of environmental research 2026,Natural Environment Research Council (NERC),,"Apply for funding to pursue truly novel curiosity-driven environmental research that is at an early stage of development and has the potential to be transformative. You must be based at a UK research organisation eligible for Natural Environment Research Council (NERC) funding. Projects should focus on preliminary investigation that may inform future activities and applicants should articulate the potential for impact of the project outcomes. The full economic cost (FEC) of your project can be between £100,000 and £200,000. NERC will fund 80% of the FEC. The duration of the award is a maximum of two years.",2026-11-12,2026-08-27,"£100,000 - £200,000",This opportunity is open to organisations with standard eligibility. Check if your organisation is eligible,https://www.ukri.org/opportunity/exploring-the-frontiers-of-environmental-research-2026/,0.674,0.322,,0.317,0.42,0.405,0.407,0.696,0.834
https://www.ukri.org/opportunity/ukri-integration-of-ai-hpc-with-quantum/,UKRI: Integration of AI/HPC with quantum computing,Engineering and Physical Sciences Research Council (EPSRC),,"Apply for funding to expose and overcome critical bottlenecks associated with the implementation of quantum computing within classical computational workflows. This investment will strengthen the UK’s capability to achieve accessible, UK-based quantum computers that deliver benefits beyond classical supercomputers across key sectors of the economy. You must be based at a UK research organisation eligible for Engineering and Physical Sciences Research Council (EPSRC) funding. The full economic cost (FEC) of your project can be up to £3,750,000. EPSRC will fund 80% of the FEC. Projects can last up to three years with a fixed start date of 1 June 2027.",2026-11-03,2026-08-26,"£3,750,000",This opportunity is open to organisations with standard eligibility. Check if your organisation is eligible,https://www.ukri.org/opportunity/ukri-integration-of-ai-hpc-with-quantum/,0.55,0.562,,0.266,0.416,0.482,0.497,0.696,0.745
https://www.ukri.org/opportunity/high-performance-compute-resources-for-epsrc-communities/,High performance compute resources for EPSRC communities,Engineering and Physical Sciences Research Council (EPSRC),,"Apply for funding to provide high-performance compute resource for engineering and physical sciences research communities. You must be based at a UK research organisation eligible for Engineering and Physical Sciences Research Council (EPSRC) funding. EPSRC will invest in compute resources that deliver either: CPU resources that meet an identified need of EPSRC compute user communities Enable the EPSRC community to fully exploit GPU architectures £20,000,000 (100% FEC) capital and £5,000,000 (80% FEC) resource funding is available. Equipment spend must be incurred in the first quarter of the award. The award can run for up to four years.",2026-10-27,2026-08-25,,"This opportunity is open to organisations with standard eligibility, and organisations who are based overseas. Check if your organisation is eligible",https://www.ukri.org/opportunity/high-performance-compute-resources-for-epsrc-communities/,0.466,0.562,,0.193,0.437,0.497,,0.787,0.775
https://www.ukri.org/opportunity/knowledge-transfer-partnership-ktp-2026-2027-round-3/,Knowledge Transfer Partnership (KTP): 2026 – 2027 Round 3,Innovate UK,,"See the full opportunity details on the Innovation Funding Service . UK registered academic institutions, RTOs or Catapults can apply for a share of up to £12.5 million to fund innovation projects with businesses. Eligibility summary To lead a project your organisation must: be a UK registered higher education or further education institution, research and technology organisation (RTO) or Catapult collaborate with a UK registered business with two or more full time employees The business must contribute to the project’s costs. Applicants are encouraged to design KTP projects that can be delivered within 24 months.",2026-10-14,2026-08-25,,,https://www.ukri.org/opportunity/knowledge-transfer-partnership-ktp-2026-2027-round-3/,0.525,0.613,,0.188,0.692,0.497,,,0.821
https://www.ukri.org/opportunity/epsrc-strategic-infrastructure-outlines-september-2026/,EPSRC Strategic Infrastructure outlines: September 2026,Engineering and Physical Sciences Research Council (EPSRC),,"Apply for funding to purchase strategic infrastructure (equipment, resources or both). The funding seeks to improve UK scientific capability and enable cutting-edge research that aligns with national priorities, including those within the UK Research and Innovation (UKRI) strategy and EPSRC Strategic Delivery Plan. Eligibility and Requirements: host: UK research organisation eligible for EPSRC funding scope: equipment purchase and set-up (route one), or resources to improve usage of existing equipment (route two) equipment cost: minimum £400,000 (including VAT) resource-only applications: maximum duration of 2 years",Open - no closing date,2026-08-24,,This opportunity is open to organisations with standard eligibility only. Check if your organisation is eligible .,https://www.ukri.org/opportunity/epsrc-strategic-infrastructure-outlines-september-2026/,0.395,0.562,,0.266,0.154,0.513,,0.573,0.71
https://www.ukri.org/opportunity/costar-satellite-labs-accessible-creative-rd-infrastructure/,CoSTAR Satellite Labs: Accessible creative R&D infrastructure,Arts and Humanities Research Council (AHRC),,"Join the Convergent Screen Technologies and performance in Realtime (CoSTAR) Network and host national research and development (R&D) infrastructure for the creative sector. You will reduce barriers to creative businesses’ technology adoption, improve commercialisation support for creative technology businesses and drive scale up and investment. You must be based at a UK research organisation eligible for AHRC funding. Over three years, via the Department for Culture, Media and Sport (DCMS)’s Createch Futures programme, AHRC will fund up to two Satellite Labs up to £2 million each.",2026-10-29,2026-08-24,"£2,000,000","This funding opportunity is open to organisations with standard eligibility. Check if your organisation is eligible . Organisations, such as businesses or third sector organisations, that are not eligible to receive a direct grant may participate and receive funding as collaborators or partners.",https://www.ukri.org/opportunity/costar-satellite-labs-accessible-creative-rd-infrastructure/,0.745,0.706,,0.26,0.457,0.513,0.6,0.77,0.785
https://www.ukri.org/opportunity/costar-showcase-labs-createch-infrastructure-and-commercialisation/,CoSTAR Showcase Labs: Createch infrastructure and commercialisation,Arts and Humanities Research Council (AHRC),,"Join the Convergent Screen Technologies and performance in Realtime (CoSTAR) Network and host national research and development (R&D) infrastructure for the creative sector. You will reduce barriers to creative businesses’ technology adoption, improve commercialisation support for creative technology businesses and drive scale up and investment. You must be based at a UK research organisation eligible for AHRC funding. Over three years via the Department for Culture, Media and Sport (DCMS)’s Createch Futures programme, AHRC will fund up to two Showcase Labs up to £4 million each.",2026-10-29,2026-08-24,"£4,000,000","This funding opportunity is open to organisations with standard eligibility. Check if your organisation is eligible . Organisations, such as businesses or third sector organisations, that are not eligible to receive a direct grant may participate and receive funding as collaborators or partners.",https://www.ukri.org/opportunity/costar-showcase-labs-createch-infrastructure-and-commercialisation/,0.734,0.706,,0.26,0.457,0.513,0.722,0.77,0.665
https://www.ukri.org/opportunity/transformative-sustainable-ai-technologies/,Transformative sustainable AI technologies,,,"Apply for funding for projects focused on speculative and high-risk research with the potential to deliver high rewards and a step change in the sustainability of future AI systems. Projects should consider technological innovations across the AI stack. You must be: based at a UK research organisation eligible for UK Research and Innovation (UKRI) funding in a role that meets the individual eligibility requirements The full economic cost (FEC) of your project can be up to £602,500. UKRI will fund 80% of the FEC. Projects must start on 1 February 2027 and last for up to 24 months.",2026-11-10,2026-08-21,"£602,500",This opportunity is open to organisations with standard eligibility. Check if your organisation is eligible .,https://www.ukri.org/opportunity/transformative-sustainable-ai-technologies/,0.749,,,0.318,0.489,0.475,0.566,0.683,0.827
https://www.ukri.org/opportunity/open-source-semiconductor-security-platform-development/,Pre-announcement: Open-source semiconductor security platform development,Engineering and Physical Sciences Research Council (EPSRC),,"Apply for funding to support the development of an open-source hardware security research platform to strengthen the UK’s capability to design, test and assure secure hardware. You must be based at a UK research organisation eligible for EPSRC funding. Projects will be funded for 12 months. The full economic cost (FEC) of your project can be up to £300,000. EPSRC will fund 80% of the FEC, up to £240,000. This is a pre-announcement and the information may change. The funding opportunity is scheduled to open in October 2026. More information will be available on this page then.",To be confirmed,2026-08-21,,This opportunity is open to organisations with standard eligibility. Check if your organisation is eligible .,https://www.ukri.org/opportunity/open-source-semiconductor-security-platform-development/,0.586,0.562,,0.229,0.619,0.475,,0.683,0.698
https://www.ukri.org/opportunity/advancing-innovation-in-accelerated-cancer-diagnosis/,Advancing innovation in accelerated cancer diagnosis,Innovate UK,,"See the full opportunity details on the Innovation Funding Service . Innovate UK, on behalf of the OLS Cancer Healthcare Goals programme, will invest up to £25.4 million, to support the clinical validation and evaluation of early cancer diagnostic technologies and devices. Eligibility summary This competition is open to collaborations only. To lead a collaborative project your organisation must be: a UK registered business an academic institution an NHS organisation The consortium must contain at least one UK registered micro, small or medium sized enterprise claiming grant funding on this application.",2026-10-28,2026-08-20,,,https://www.ukri.org/opportunity/advancing-innovation-in-accelerated-cancer-diagnosis/,0.776,0.613,,0.293,0.682,0.607,,,0.823
https://www.ukri.org/opportunity/unlocking-advanced-capabilities-in-conservation-and-heritage-science/,Unlocking advanced capabilities in conservation and heritage science,Arts and Humanities Research Council (AHRC),,"Apply for funding to strengthen conservation and heritage science infrastructure by building sustainable national capability, improving access to nationally significant facilities and addressing unmet user demand. Projects should expand collaboration with industry, to accelerate technology development, commercialisation and knowledge exchange. The full economic cost (FEC) of your project can be up to £1.5 million, with £300,000 allocated to cascading funding. Projects must start 1 April 2027 and may last up to 24 months, ending by 31 March 2029. You must be based at a UK research organisation eligible for AHRC funding.",2026-11-25,2026-08-18,"£500,000 - £1,500,000",This opportunity is open to organisations with standard eligibility. Check if your organisation is eligible .,https://www.ukri.org/opportunity/unlocking-advanced-capabilities-in-conservation-and-heritage-science/,0.724,0.706,,0.4,0.435,0.416,0.253,0.683,0.792
https://www.ukri.org/opportunity/ai-supported-research-using-ukri-social-science-data/,AI supported research using UKRI social science data (invite only),Economic and Social Research Council (ESRC),,"Apply for funding to deliver innovative AI supported research using UK Research and Innovation (UKRI) social science data. You must be based at a UK research organisation eligible for UKRI funding. This funding opportunity is invite only. Project leads must have participated in the AI supported research using UKRI social science data sandpit held in Manchester on 23 to 24 June 2026 to be eligible to apply. The full economic cost (FEC) of your project can be up to £230,000. UKRI will fund 80% of the FEC. Projects must start before 31 March 2027 and can be up to 12 months in duration.",2026-10-14,2026-08-18,"£230,000","You can only apply for this funding opportunity as a project lead if you participated in the AI supported research using UKRI social science data sandpit, held in Manchester on 23 to 24 June 2026 and have been invited to do so.",https://www.ukri.org/opportunity/ai-supported-research-using-ukri-social-science-data/,0.461,0.335,,0.226,0.479,0.416,0.132,0.298,0.766
https://www.ukri.org/opportunity/drive35-scale-up-fund-drawdown-five/,DRIVE35 Scale-up Fund drawdown five,Innovate UK,,See the full opportunity details on the Innovation Funding Service . UK registered organisations can apply for a share of up to £150 million to create scale up manufacturing facilities for zero emission vehicle technologies. DRIVE35 (Driving Research and Investment in Vehicle Electrification) is a BIST-led programme aimed at transforming the UK’s automotive industry. Eligibility summary This competition is open to single applicants and collaborations. To lead a collaborative project your organisation must be a UK registered business. Non-UK registered businesses may apply but must set up a UK registered business before any grant can be awarded. The UK registered business must deliver your project. You will not be able to start your project until the business is set up with UK staff in place.,2026-11-04,2026-08-17,,,https://www.ukri.org/opportunity/drive35-scale-up-fund-drawdown-five/,0.426,0.613,,0.186,0.629,0.339,,,0.802
https://www.ukri.org/opportunity/uk-singapore-crd-2026/,UK-Singapore CRD 2026,Innovate UK,,"See the full opportunity details on the Innovation Funding Service . UK registered businesses can apply for a share of up to £3 million for the purpose of developing innovative proposals with Singapore. You must collaborate with at least one Singapore business applying under the equivalent Enterprise Singapore programme. Eligibility summary This competition is open to UK and Singapore collaborations only. To lead a project your organisation must: be a UK registered business of any size collaborate with a Singapore registered business, which must be a separate non-linked entity to the UK project partner or partners",2026-12-16,2026-08-13,,,https://www.ukri.org/opportunity/uk-singapore-crd-2026/,0.737,0.613,,0.159,0.607,0.46,,,0.824
https://www.ukri.org/opportunity/research-infrastructure-renewal/,Research Infrastructure Renewal,Natural Environment Research Council (NERC),,"Apply for funding to renew, replace and enhance existing research infrastructure and facility capabilities that are demonstrably available to the wider environmental science community. You must be based at an eligible UK research organisation. Natural Environment Research Council (NERC) would not expect to receive more than one application from each facility or infrastructure. NERC will fund 100% of the full economic cost (FEC) of projects. Awards should be in the range of £300,000 to £1,000,000 (see ‘Funding Available’). Projects can last for three to 12 months, and applicants must demonstrate readiness for delivery within the required timescales.",2026-10-21,2026-08-12,"£300,000 - £1,000,000",You can only apply for this funding opportunity if your organisation is eligible for UK Research and Innovation (UKRI) funding.,https://www.ukri.org/opportunity/research-infrastructure-renewal/,0.759,0.322,,0.146,0.319,0.457,0.206,0.834,0.78
https://www.ukri.org/opportunity/next-generation-artificial-intelligence-ai-explainable-ai/,Next generation artificial intelligence (AI): explainable AI,Engineering and Physical Sciences Research Council (EPSRC),,"Apply for funding for projects focused on speculative and high-risk fundamental research with the potential to deliver high reward and a step change in the explainability of future artificial intelligence (AI) systems. Applications are particularly welcomed from early and mid-career UK researchers. You must be based at a UK research organisation eligible for UK Research and Innovation (UKRI) funding. The full economic cost (FEC) of your project can be up to £602,500. UKRI will fund 80% of the FEC (£482,000). Projects must start on 1 February 2027 and last for up to 24 months.",2026-10-20,2026-08-11,"£602,500",This opportunity is open to organisations with standard eligibility. Check if your organisation is eligible .,https://www.ukri.org/opportunity/next-generation-artificial-intelligence-ai-explainable-ai/,0.623,0.562,,0.339,0.358,0.449,0.566,0.683,0.835
https://www.ukri.org/opportunity/farming-futures-rd-fund-automation-and-robotics-round-2/,Farming Futures R&D fund: Automation and Robotics Round 2,Innovate UK,,"See the full opportunity details on the Innovation Funding Service . UK registered businesses can apply for a share of up to £20 million to develop innovative solutions for automation and robotics in agriculture, horticulture and forestry. This funding is from the Farming Futures R&D fund. Eligibility summary This competition is open to collaborations only. To lead a collaborative project your organisation must be a UK registered business.",2026-09-30,2026-08-10,,,https://www.ukri.org/opportunity/farming-futures-rd-fund-automation-and-robotics-round-2/,0.504,0.613,,0.294,0.699,0.437,,,0.772
https://www.ukri.org/opportunity/resilient-economy-and-security-through-ecosystem-transitions-grants/,Resilient economy and security through ecosystem transitions grants,Natural Environment Research Council (NERC),,"Apply for funding for research projects under the NERC-Defra co-funded Resilient Economy and Security through Ecosystem Transitions (RESET) programme Projects will improve understanding on how, when and why ecosystems transition, reorganise or collapse, to sustain functions, strengthen economic prosperity, societal resilience and national security. You must be based at an eligible UK research organisation to apply. The full economic cost (FEC) of your project can be up to £2.5 million. We will fund 80% of the FEC. Funding is available for up to three years. You must start by 14 February 2027.",2026-10-22,2026-08-07,"£2,500,000","This funding opportunity is open to organisations with standard eligibility, and organisations who are based overseas. Check if your organisation is eligible .",https://www.ukri.org/opportunity/resilient-economy-and-security-through-ecosystem-transitions-grants/,0.814,0.322,,0.23,0.361,0.44,0.384,0.787,0.753
https://www.ukri.org/opportunity/experimental-medicine-to-define-mechanisms-of-gambling-disorder/,Pre-announcement: Experimental medicine to define mechanisms of gambling disorder,Medical Research Council (MRC),,"Apply for funding for academically led experimental medicine studies in humans that deepen mechanistic understanding of the causal mechanisms underlying the effects of gambling activities, products and interventions in gambling disorder. Your project must: focus on a mechanistic hypothesis include an experimental intervention or challenge in humans be independent from gambling industry associations To lead an application, you must be based at a research organisation eligible for Medical Research Council (MRC) funding. If you are taking the next step towards becoming an independent researcher, you may be eligible to apply as a ‘new investigator’. This is a pre-announcement and the information may change. The funding opportunity will open on 8 October 2026 when more information will be available on this page.",2027-04-14,2026-08-05,"£3,000,000",This opportunity is open to organisations with standard eligibility. Check if your organisation is eligible .,https://www.ukri.org/opportunity/experimental-medicine-to-define-mechanisms-of-gambling-disorder/,0.543,0.288,,0.383,0.43,0.383,0.663,0.683,0.786
https://www.ukri.org/opportunity/ukri-translation-bbsrc-proof-of-concept-2026/,UKRI Translation: BBSRC Proof of Concept 2026,Biotechnology and Biological Sciences Research Council (BBSRC),,"Apply for funding to translate bioscience research into innovations such as products, services or solutions that generate real-world economic, societal, and environmental impact. You must be based at a UK research organisation eligible for BBSRC funding. Projects must build on prior Biotechnology and Biological Sciences Research Council (BBSRC) support and include a clear pathway to real-world use through commercialisation, adoption, or progression towards deployment. The full economic cost (FEC) of your project can be up to £800,000. BBSRC will fund 80% of the FEC. Projects can last up to 24 months. This opportunity was formerly known as Follow-on Fund.",2026-10-14,2026-08-05,"£100,000 - £800,000",This opportunity is open to organisations with standard eligibility. Check if your organisation is eligible .,https://www.ukri.org/opportunity/ukri-translation-bbsrc-proof-of-concept-2026/,0.234,0.296,,0.25,0.479,0.383,0.204,0.683,0.798
https://www.ukri.org/opportunity/epsrc-new-investigator-award-applicant-led-mode/,EPSRC new investigator award: applicant-led mode,Engineering and Physical Sciences Research Council (EPSRC),,Apply for funding to support your transition to research independence. You will present and develop a strong and clear independent research vision and lead a project team to successfully deliver this. You must be based at a UK research organisation eligible for Engineering and Physical Sciences Research Council (EPSRC) funding. It must be your first application to EPSRC as a project lead. We will award 80% of the full economic cost (FEC) of the project. Projects should apply for the duration and funding required to fully meet their research goals.,Open - no closing date,2026-08-05,,This opportunity is open to organisations with standard eligibility. Check if your organisation is eligible .,https://www.ukri.org/opportunity/epsrc-new-investigator-award-applicant-led-mode/,0.559,0.562,,0.252,0.154,0.383,,0.683,0.795
https://www.ukri.org/opportunity/doctoral-focal-award-ukri-venture-doctorates-outline-stage/,Doctoral focal award: UKRI venture doctorates: outline stage,Engineering and Physical Sciences Research Council (EPSRC),,"Apply for funding to deliver venture doctoral focal awards, offering entrepreneurship-focused doctoral training. Applications can be led by organisations eligible for standard UKRI funding , or by organisations such as businesses or social enterprises that are accepted for non-standard eligibility before an award is made. Organisations can only lead on one application but can collaborate on more. UKRI have £25 million available. We expect to fund one to three awards. As a non-full economic cost award, UKRI will fund 100% of eligible costs listed in the opportunity, subject to subsidy control rules. Estates and indirect costs will not be funded. To apply, an expression of interest must be completed by 21 September 2026 4:00pm UK time.",2026-10-22,2026-08-03,,This opportunity is open to organisations with standard and non-standard eligibility. Check if your organisation is eligible .,https://www.ukri.org/opportunity/doctoral-focal-award-ukri-venture-doctorates-outline-stage/,0.507,0.562,,0.193,0.361,0.387,,0.708,0.834
https://www.ukri.org/opportunity/advancing-atmospheric-and-aerial-autonomy/,Advancing atmospheric and aerial autonomy,Natural Environment Research Council (NERC),,"Apply for proof-of-concept funding to develop, integrate, deploy, and demonstrate innovative autonomous solutions for atmospheric science or autonomous aerial systems for environmental applications. Projects must deliver demonstrator capability, high-quality environmental data, and pathways towards wider use and adoption. You must be based at a UK research organisation eligible for NERC funding. The full economic cost (FEC) of your project can be £300,000 up to £1 million. NERC will fund 100% of the FEC. Projects must start by 1 February 2027.",2026-10-21,2026-08-03,"£300,000 - £1,000,000",This opportunity is open to organisations with standard eligibility. Check if your organisation is eligible .,https://www.ukri.org/opportunity/advancing-atmospheric-and-aerial-autonomy/,0.738,0.322,,0.294,0.319,0.387,0.206,0.683,0.799
https://www.ukri.org/opportunity/trust-and-confidence-in-policing-ri-consortium/,Pre-announcement: Trust and confidence in policing: R&I Consortium,Arts and Humanities Research Council (AHRC),,"Apply for funding to develop and test dynamic tools and approaches to measure public trust and confidence in policing. The consortium will develop methods to capture the views of the wider community, underrepresented groups, groups who are a priority for policing and their partners, with particular focus on the voices of under-18s and victims and survivors of violence against women and girls. Project leads must be based at a UK research organisation eligible for UKRI funding. The full economic cost (FEC) of your project can be up to £2 million. UKRI will fund 80% of the FEC. The Consortium must start by 1 February 2027 for a duration of 36 months. This is a pre-announcement and the information may change. The funding opportunity will open on 1 September 2026. More information will be available on this page then.",2026-10-27,2026-07-31,"£2,000,000",This opportunity is open to organisations with standard eligibility. Check if your organisation is eligible .,https://www.ukri.org/opportunity/trust-and-confidence-in-policing-ri-consortium/,0.672,0.706,,0.27,0.437,0.527,0.6,0.683,0.745
https://www.ukri.org/opportunity/projects-peer-review-panel-pprp-2027/,Projects Peer Review Panel (PPRP) 2027,Science and Technology Facilities Council (STFC),,"Apply for funding to Projects Peer Review Panel 2026. Only invited applicants, who have undergone a successful statement of interest (SoI) stage are eligible to apply. You must be based at a UK research organisation eligible for Science and Technology Facilities Council (STFC) funding. STFC provides research grant funding opportunities that are reviewed through frequent Projects Peer Review Panel (PPRP) rounds. Only invited applicants, approved by programme managers can submit a full proposal. The full economic cost (FEC) of your project can be agreed with specific programme areas and STFC will fund 80% of the FEC.",2027-08-31,2026-07-31,,You can only apply for this funding opportunity if we have invited you to do so following a successful Statement of Interest .,https://www.ukri.org/opportunity/projects-peer-review-panel-pprp-2027/,0.276,0.352,,0.132,0.329,0.527,,0.145,0.819
https://www.ukri.org/opportunity/ukri-eurohpc-joint-undertaking/,Access EuroHPC supercomputers for AI development (AI Factories),,,"Apply for access to EuroHPC supercomputers to develop artificial intelligence, through the European High-Performance Computing Joint Undertaking (EuroHPC JU). These access modes support AI and data-intensive work, with a focus on foundation models and generative AI, such as large language models. The calls are aimed at startups, small and medium-sized enterprises, industry and the public sector, as well as researchers. No funding is provided; awards are allocations of compute time. UK applicants are eligible as the UK is a participating state in EuroHPC.",Open - no closing date,2026-07-31,,Email: DRI@ukri.org,https://www.ukri.org/opportunity/ukri-eurohpc-joint-undertaking/,0.711,,,0.235,0.155,0.527,,0.041,0.773
https://www.ukri.org/opportunity/access-eurohpc-quantum-computers-through-the-pilot-call/,Access EuroHPC quantum computers through the pilot call,,,"Apply for access to EuroHPC’s quantum computers through the quantum access pilot call, run by the European High Performance Computing Joint Undertaking (EuroHPC JU). The pilot lets researchers explore quantum computing and hybrid quantum and high-performance computing, integrated with EuroHPC’s supercomputers. No funding is provided; awards are access to quantum computing resources. UK applicants are eligible as the UK is a participating state in EuroHPC. Check the EuroHPC quantum access page for the current pilot round and its cut-off dates.",To be confirmed,2026-07-31,,Email: DRI@ukri.org,https://www.ukri.org/opportunity/access-eurohpc-quantum-computers-through-the-pilot-call/,0.736,,,0.231,0.619,0.527,,0.041,0.828
https://www.ukri.org/opportunity/access-eurohpc-supercomputers-for-research-computing/,Access EuroHPC supercomputers for research computing,,,"Apply for access to Europe’s most powerful supercomputers through the European High-Performance Computing Joint Undertaking (EuroHPC JU). There are four access modes: Benchmark and Development for testing and optimising code, and Regular and Extreme Scale for large research workloads. The calls are continuously open, with monthly cut-off dates. No funding is provided; awards are allocations of compute time. UK-based researchers in academia, the public sector and industry are eligible, because the UK is a participating state in EuroHPC.",Open - no closing date,2026-07-31,,Email: DRI@ukri.org,https://www.ukri.org/opportunity/access-eurohpc-supercomputers-for-research-computing/,0.676,,,0.194,0.155,0.527,,0.041,0.809
https://www.ukri.org/opportunity/focal-awards-multilingual-futures-for-uk-growth-and-connectivity/,Focal awards: multilingual futures for UK growth and connectivity,Arts and Humanities Research Council (AHRC),,"Submit a full application for an AHRC doctoral focal award which seeks to unlock linguistic and cultural expertise. Applications are by invitation only. AHRC will support up to 20 studentships per award over four cohorts at the usual UK Research and Innovation (UKRI) rates. Each proposal must outline your approach to: doctoral training and professional development increasing representation of students from underrepresented groups The first cohort of students will start in October 2028. To be the lead applicant, you must be based at a UK research organisation eligible for AHRC funding with capacity in languages research.",2027-01-21,2026-07-30,,You can only apply for this funding opportunity if we have invited you to do so following a successful outline application.,https://www.ukri.org/opportunity/focal-awards-multilingual-futures-for-uk-growth-and-connectivity/,0.755,0.706,,0.278,0.245,0.546,,0.19,0.814
https://www.ukri.org/opportunity/uk-obesity-research-institute/,UK Obesity Research Institute: full application,Medical Research Council (MRC),,"We are seeking director-led applications to investigate mechanistic biomedical drivers of obesity and related diseases such as cardiometabolic disease, and deliver transformative impact in this field. The director, supported by a leadership team, will lead the design and delivery of a collaborative institute. Applications should focus on the key barriers to unlock understanding of the causes and consequences of obesity to enable targeted prevention and treatment. Funding available is up to £72 million for an initial seven years, with the potential to renew. Funding of this funding opportunity is subject to the approval of a full business case.",2026-11-19,2026-07-30,,This funding opportunity is open to organisations with standard eligibility. Check if your organisation is eligible .,https://www.ukri.org/opportunity/uk-obesity-research-institute/,0.301,0.288,,0.358,0.358,0.546,,0.695,0.81
https://www.ukri.org/opportunity/bbsrc-brazil-pump-priming-award-fappa/,BBSRC Brazil pump-priming award (FAPPA),Biotechnology and Biological Sciences Research Council (BBSRC),,"Brazil pump-priming award (FAPPA) supported by Biotechnology and Biological Sciences Research Council (BBSRC) and The São Paulo Research Foundation (FAPESP) are for BBSRC-supported researchers and consortia of academics. Applications must be made by a project lead who is currently in receipt of relevant BBSRC research funding. Funding of up to £35,000 at 100% full economic costing (FEC) is available over two years. Brazilian counterparts should apply for equivalent funding directly from FAPESP You should apply at least 12 weeks before the start of your project.",Open - no closing date,2026-07-29,"£35,000",This opportunity is open to organisations with standard eligibility. Check if your organisation is eligible .,https://www.ukri.org/opportunity/bbsrc-brazil-pump-priming-award-fappa/,0.639,0.296,,0.132,0.154,0.555,0.156,0.683,0.841
https://www.ukri.org/opportunity/purchase-mid-range-equipment-for-biomedical-research-mrc-equip/,Purchase mid-range equipment for biomedical research: MRC Equip,Medical Research Council (MRC),,"Funding opportunity for mid-range capital equipment will enable and enhance research across MRC’s scientific areas. You must be employed at a UK research organisation eligible for MRC funding. All applications must have a duration of seven months with a start date of 1 June 2027. A limit of two applications per research organisation is in place for this funding opportunity, unless otherwise notified by MRC. You can request a contribution of between £200,000 to £1 million. MRC will fund up to 100% of the full economic cost (FEC). The total cost may be higher, with the remainder met by other contributions.",2026-11-05,2026-07-29,"£200,000 - £1,000,000",This funding opportunity is open to organisations with standard eligibility. Check if your organisation is eligible .,https://www.ukri.org/opportunity/purchase-mid-range-equipment-for-biomedical-research-mrc-equip/,0.721,0.288,,0.297,0.427,0.555,0.197,0.695,0.838
https://www.ukri.org/opportunity/future-computing-paradigms-network-plus/,Future computing paradigms Network Plus,Engineering and Physical Sciences Research Council (EPSRC),,"Opportunity to build a multidisciplinary Network Plus that will initiate UK collaboration in future computing paradigms and provide evidence-based recommendations for UKRI and government, shaping national research priorities. You must be based at a UK research organisation eligible for EPSRC funding. The full economic cost (FEC) of your project can be up to £2.8 million. EPSRC will fund £2,240,000 (80% FEC). Your project can last up to 60 months, comprising 18 months to map, benchmark and horizon scan, incorporating sociotechnical and socioeconomic analysis followed by a 42-month network phase. You must complete an expression of interest to be eligible to apply.",2026-10-13,2026-07-27,"£2,800,000",This opportunity is open to organisations with standard eligibility. Check if your organisation is eligible .,https://www.ukri.org/opportunity/future-computing-paradigms-network-plus/,0.553,0.562,,0.436,0.434,0.458,0.287,0.683,0.746
https://www.ukri.org/opportunity/connecting-culture-fund/,Connecting Culture Fund,Biotechnology and Biological Sciences Research Council (BBSRC),,"Apply for funding to enhance research culture at your BBSRC strategically supported institutes. This invitation-only funding opportunity is aimed at our strategically funded institutes, who must lead or co-lead the application. However, other eligible research organisations can be involved as project partners or collaborators. The full economic cost (FEC) of your project can be up to £100,000. BBSRC will fund 100% of the FEC. Projects can be between three and 12 months in length. This is an open funding opportunity until 30 September 2027.",2027-09-30,2026-07-24,"£5,000 - £100,000",You can only apply for this funding opportunity if we have invited you to do so.,https://www.ukri.org/opportunity/connecting-culture-fund/,0.752,0.296,,0.277,0.41,0.555,0.68,0.202,0.846
https://www.ukri.org/opportunity/large-grant-full-applications-november-2026-invite-only/,Large Grant full applications: November 2026 (invite only),Natural Environment Research Council (NERC),,"You can only apply for this funding opportunity if we have invited you to do so following a successful outline application. Apply for funding to support innovative, large-scale and complex projects that tackle big science questions and have the potential to produce world-leading research. You must be: based at a UK research organisation eligible for Natural Environment Research Council (NERC) funding in a role that meets individual eligibility requirements The full economic cost (FEC) of your project can be between £1.12 million and £3.45 million. We will fund 80% of the FEC. Projects can last up to five years.",2026-11-05,2026-07-24,"£1,120,000 - £3,450,000",You can only apply for this funding opportunity if we have invited you to do so following a successful outline application.,https://www.ukri.org/opportunity/large-grant-full-applications-november-2026-invite-only/,0.424,0.322,,0.194,0.427,0.555,0.136,0.19,0.817
https://www.ukri.org/opportunity/a-guide-for-the-commercialisation-of-creative-industries-research/,A guide for the commercialisation of Creative Industries Research,Arts and Humanities Research Council (AHRC),,"Apply for funding to transform the commercialisation of research in the creative industries. A university-led team will collaborate with investors, lawyers and founders to tackle early-stage barriers to commercialisation and develop a new sector-specific university commercialisation guide, with practical frameworks and best practice deal terms. You should be well placed to lead sector consultation and active engagement across universities and wider stakeholders. The full economic cost (FEC) of your project can be up to £250,000. Arts and Humanities Research Council (AHRC) will fund 100% FEC.",2026-10-15,2026-07-23,"£250,000",This funding opportunity is open to organisations with standard eligibility. Check if your organisation is eligible .,https://www.ukri.org/opportunity/a-guide-for-the-commercialisation-of-creative-industries-research/,0.65,0.706,,0.445,0.409,0.541,0.131,0.695,0.752
https://www.ukri.org/opportunity/design-generators-round-two/,Design Generators round two,Arts and Humanities Research Council (AHRC),,"Apply for funding to combine design-led interventions with arts and humanities methodologies to make positive contributions to the green transition. You must be based at a UK research organisation eligible for Arts and Humanities Research Council (AHRC) funding. Design Generators connect directly with the wider Future Observatory: Design the Green Transition Programme. The full economic cost (FEC) of your project can be up to £200,000. AHRC will fund 80% of the FEC. These awards must be between nine to 12 months in duration.",2026-09-29,2026-07-21,"£150,000 - £200,000",This opportunity is open to organisations with standard eligibility. Check if your organisation is eligible .,https://www.ukri.org/opportunity/design-generators-round-two/,0.587,0.706,,0.272,0.426,0.517,0.221,0.683,0.785
https://www.ukri.org/opportunity/patt-travel-grants-for-competitively-awarded-observation-time-2026/,PATT travel grants for competitively awarded observation time 2026,Science and Technology Facilities Council (STFC),,"You can apply for travel and subsistence in support of competitively awarded science observation time at astronomy facilities available to the UK research community. You must be based at a UK research organisation eligible for STFC funding. You can apply for: travel grants: funding for groups with travel costs of more than £7,500 a year (application deadline in October each year) travel claims: for applicants who neither hold nor have access to a travel grant awarded by the panel (no deadline) For further details of travel claims, see the ‘Related opportunities’ section. STFC will fund 100% of the full economic cost.",2026-10-15,2026-07-20,,This opportunity is open to organisations with standard eligibility. Before applying Check if your organisation is eligible .,https://www.ukri.org/opportunity/patt-travel-grants-for-competitively-awarded-observation-time-2026/,0.475,0.352,,0.167,0.409,0.615,,0.618,0.761
https://www.ukri.org/opportunity/collaborate-with-the-uk-human-functional-genomics-initiative/,Collaborate with the UK Human Functional Genomics Initiative,Medical Research Council (MRC),,"Apply for an Academic and Industry Partnership award as part of the UK Human Functional Genomics Initiative’s (FGx) Innovation and Collaboration fund. The awards will enable the development of links between industrial partners and the FGx. These awards can be used to support feasibility, pilot or initial studies to provide preliminary experiments to explore ideas and generate initial data which could support the development of competitive collaborative grant proposals for longer term projects. You must be based at a UK research organisation to be eligible for this funding.",2026-11-01,2026-07-20,"£15,000 - £100,000","To lead a project, you must be based at an eligible organisation. Check if your organisation is eligible .",https://www.ukri.org/opportunity/collaborate-with-the-uk-human-functional-genomics-initiative/,0.72,0.288,,0.162,0.274,0.615,0.564,0.827,0.835
https://www.ukri.org/opportunity/ukri-translation-mrc-impact-acceleration-awards/,UKRI Translation: MRC Impact Acceleration Awards,Medical Research Council (MRC),,"Apply to the MRC Impact Acceleration Award for single-step support in developing a new or repurposed medicine, medical device, diagnostic, or other medical product. Projects must target a high-risk development step backed by prior funding, generating critical data to de-risk onward progression or determine failure. The Impact Acceleration Award strategically bridges the smaller Impact Acceleration Account (IAA) and the larger Proof of Concept funding opportunity. You must be based at a Medical Research Council (MRC) eligible research organisation. This funding opportunity was formerly known as ‘Gap Fund: single-step support for medical product development’.",2026-11-11,2026-07-16,"£50,000 - £300,000",This opportunity is open to organisations with standard eligibility. Check if your organisation is eligible .,https://www.ukri.org/opportunity/ukri-translation-mrc-impact-acceleration-awards/,0.655,0.288,,0.193,0.434,0.471,0.305,0.683,0.815
https://www.ukri.org/opportunity/japan-uk-joint-call-for-collaborations-in-advanced-connectivity-technologies-full/,Japan-UK Joint call for collaborations in Advanced Connectivity Technologies,Engineering and Physical Sciences Research Council (EPSRC),,"Apply for funding to form world‑leading partnerships with collaborators in Japan in the field of Advanced Connectivity Technologies. Your application must involve researchers from both Japan and UK. UK applicants must be based at a UK research organisation eligible for EPSRC funding. Japanese applicants must be eligible for NICT funding. You may request up to £897,000 (80% full economic cost (FEC)) for the UK component from EPSRC and up to ¥200 million for Japan components from NICT. The duration of the award can be up to a maximum of three years.",2026-10-06,2026-07-10,"£1,121,600","For support under this funding opportunity, applicants and organisations must be eligible to apply for funding from their respective country’s funding agency.",https://www.ukri.org/opportunity/japan-uk-joint-call-for-collaborations-in-advanced-connectivity-technologies-full/,0.72,0.562,,0.196,0.417,0.497,0.734,0.774,0.841
https://www.ukri.org/opportunity/mrc-proof-of-concept-stage-two/,UKRI translation: MRC proof of concept: stage two,Medical Research Council (MRC),,"This funding opportunity was previously titled ‘Developmental pathway funding scheme: stage two’. You must be invited to apply for stage two of this funding opportunity. Apply for funding to develop and test novel therapeutics, medical devices, diagnostics and other interventions across any stage of the developmental pathway, from prototype development, through pre-clinical refinement, to early-phase clinical studies (up to phase 2a). There is no funding limit but requested costs should be appropriate to the project. We usually fund 80% of a project’s full economic cost (FEC).",2026-11-04,2026-07-09,,You can only apply for this funding opportunity if we have invited you to do so following a successful stage one application.,https://www.ukri.org/opportunity/mrc-proof-of-concept-stage-two/,0.557,0.288,,0.258,0.389,0.499,,0.16,0.776
https://www.ukri.org/opportunity/doctoral-focal-award-plus-innovating-in-data-driven-research/,Doctoral focal award plus: innovating in data-driven research,Economic and Social Research Council (ESRC),,We are commissioning one doctoral focal award plus to develop a cadre of social scientists from doctoral studentships and across career stages with the skills needed to use data-driven research approaches in innovative ways. It will deliver both doctoral training and targeted training and capacity-building activities. Economic and Social Research Council (ESRC) will contribute a maximum of £5.85 million. You must be based at a UK research organisation eligible for ESRC funding.,2026-10-14,2026-07-06,,This opportunity is open to organisations with standard eligibility. Check if your organisation is eligible .,https://www.ukri.org/opportunity/doctoral-focal-award-plus-innovating-in-data-driven-research/,0.634,0.335,,0.398,0.479,0.408,,0.683,0.798
https://www.ukri.org/opportunity/mrc-proof-of-concept-stage-one/,UKRI Translation: MRC Proof of Concept: stage one,Medical Research Council (MRC),,"This funding opportunity was previously titled ‘Developmental pathway funding scheme: stage one’. Ensure you apply to the correct scheme, as similarly titled UKRI opportunities exist. Apply for funding to develop and test novel therapeutics, medical devices, diagnostics and other interventions across any stage of the developmental pathway, from prototype development, through pre-clinical refinement, to early-phase clinical studies (up to phase 2a). You must be based at a research organisation eligible for Medical Research Council (MRC) funding. There is no funding limit but requested costs should be appropriate to the project.",2026-11-18,2026-07-02,,This funding opportunity is open to organisations with standard eligibility.,https://www.ukri.org/opportunity/mrc-proof-of-concept-stage-one/,0.298,0.288,,0.287,0.427,0.42,,0.6,0.802
https://www.ukri.org/opportunity/enhancing-resilience-to-wildfires-in-the-wildland-urban-interface/,Enhancing resilience to wildfires in the wildland-urban interface,,,"Apply for funding to deliver collaborative research projects with partners from the US, Canada or both to improve understanding of and resilience to wildfire occurrence and impacts in the wildland-urban interface. You must be based at a UK research organisation eligible for UK Research and Innovation (UKRI) funding. The full economic cost (FEC) of the UK component can be up to £1.58 million. Matched equivalent resources are anticipated from participating funders (NSF, NSERC, SSHRC and CIHR) for US and Canada applicants. The UK component of your project must start by 12 February 2027 and last for 36 months. You must submit an expression of interest (EoI) to be eligible to make a full application. See ‘How to apply’ for more information. See ‘Additional info’ for the webinar recording.",2026-10-01,2026-07-02,"£1,575,000",This opportunity is open to organisations with standard eligibility. Check if your organisation is eligible .,https://www.ukri.org/opportunity/enhancing-resilience-to-wildfires-in-the-wildland-urban-interface/,0.613,,,0.168,0.289,0.42,0.558,0.683,0.765
https://www.ukri.org/opportunity/daphne-jackson-fellowship/,Daphne Jackson Trust fellowship,Arts and Humanities Research Council (AHRC),,"UKRI invest in Daphne Jackson Trust fellowships. These fellowships are for researchers and research technical professionals looking to return to a research career after a break of two or more years for family, health or caring reasons. The fellowships are flexible, part-time and include a personalised retraining programme in a supportive UK university or research establishment, giving fellows the confidence and skills they need to make a successful return to research careers. The fellowships are administered by the Daphne Jackson Trust and not by UKRI.",Open - no closing date,2026-07-01,,Daphne Jackson Trust fellowships are retraining fellowships open to researchers and research technical professionals across the UKRI remit.,https://www.ukri.org/opportunity/daphne-jackson-fellowship/,0.751,0.706,,0.271,0.155,0.523,,0.511,0.828
https://www.ukri.org/opportunity/epsrc-strategic-infrastructure-2026-invite-only/,EPSRC Strategic Infrastructure 2026 (invite only),Engineering and Physical Sciences Research Council (EPSRC),,"Apply for funding to purchase strategic infrastructure (equipment, resources or both). The funding seeks to improve UK scientific capability and enable cutting-edge research that aligns with national priorities, including those within the UK Research and Innovation (UKRI) strategy and EPSRC Strategic Delivery Plan. This funding opportunity is for invited applicants only. Eligibility & Requirements: host: UK research organisation eligible for EPSRC funding scope: equipment purchase, and set-up, or resources to improve usage of existing equipment equipment cost: minimum £400,000 (including VAT) resource-only applications: maximum duration of 2 years",2026-10-08,2026-06-30,,You can only apply for this funding opportunity if we have invited you to do so following a successful outline application.,https://www.ukri.org/opportunity/epsrc-strategic-infrastructure-2026-invite-only/,0.534,0.562,,0.356,0.372,0.633,,0.19,0.807
https://www.ukri.org/opportunity/2445-drive35-scale-up-fund/,2445: DRIVE35: Scale Up Fund,Innovate UK,,"See the full opportunity details on the Innovation Funding Service . UK registered organisations can apply for a share of up to £150 million, to create scale up manufacturing facilities for zero emission vehicle technologies. Eligibility summary This competition is open to single applicants and collaborations. To lead a project your organisation must be a UK registered business. Non-UK registered businesses may apply but must set up a UK registered business before any grant can be awarded. The UK registered business must deliver your project. You will not be able to start your project until the business is set up with UK staff in place.",Open - no closing date,2026-06-29,,,https://www.ukri.org/opportunity/2445-drive35-scale-up-fund/,0.674,0.613,,0.222,0.155,0.624,,,0.853
https://www.ukri.org/opportunity/innovation-loans-expression-of-interest/,Innovation Loans Expression of Interest,Innovate UK,,"See the full opportunity details on the Innovation Funding Service . UK registered micro, small or medium sized enterprises can submit an Expression of Interest for loans for close to market innovative projects with strong commercial potential. They must significantly improve the UK economy and drive societal benefit. Eligibility summary This competition is open to single applications from UK registered micro, small or medium sized enterprises (SMEs) only.",Open - no closing date,2026-06-10,"£100,000 - £5,000,000",,https://www.ukri.org/opportunity/innovation-loans-expression-of-interest/,0.617,0.613,,0.32,0.155,0.586,0.746,,0.751
https://www.ukri.org/opportunity/early-independence-ernest-rutherford-fellowships-2026/,Early Independence: Ernest Rutherford Fellowships 2026,Science and Technology Facilities Council (STFC),,STFC offers up to 10 Ernest Rutherford Fellowships (ERFs) to applicants on an upward trajectory to pursuing working independently and developing research leadership are encouraged to apply if your research focus is within the remit of STFC core science programme. You must: hold a PhD or have relevant experience be hosted by a research organisation with an STFC ERF quota show clear plans for establishing your own research niche that enables a step-change towards independence We will fund your application at 80% of its full economic cost for up to five years. The host research organisation must agree to fund the rest.,2026-09-30,2026-06-03,,This funding opportunity is open to organisations with standard eligibility. Check if your organisation is eligible .,https://www.ukri.org/opportunity/early-independence-ernest-rutherford-fellowships-2026/,0.352,0.353,,0.233,0.471,0.532,,0.695,0.828
https://www.ukri.org/opportunity/mathematical-sciences-early-independence-fellowship/,Mathematical Sciences Early Independence Fellowship,Engineering and Physical Sciences Research Council (EPSRC),,"Apply for an early independence fellowship to support your career transition within the Fellowship investment framework . Most of your project’s research novelty must be in EPSRC’s mathematical sciences remit. You must have: a PhD and postdoctoral experience plans for establishing independence in your own research niche You must be based at a UK research organisation eligible for EPSRC funding. The full economic cost (FEC) of your project can be up to £1,250,000. EPSRC will fund 80% of the FEC. Projects are for up to five years and may be held part-time. Fellowships with a plus element have an additional focus on enhancing research environment and culture.",Open - no closing date,2026-05-20,"£1,250,000",This opportunity is open to organisations with standard eligibility. Check if your organisation is eligible .,https://www.ukri.org/opportunity/mathematical-sciences-early-independence-fellowship/,0.761,0.562,,0.268,0.155,0.643,0.564,0.683,0.815
https://www.ukri.org/opportunity/bbsrc-standard-research-grant-applicant-led-mode/,BBSRC standard research grant: applicant-led mode,Biotechnology and Biological Sciences Research Council (BBSRC),,Apply for funding to support excellent investigator-led research across the breadth of the Biotechnology and Biological Sciences Research Council (BBSRC) scientific remit. You must be based at a UK research organisation eligible for BBSRC funding. Standard research grants are available for researchers at eligible research organisations. The full economic cost (FEC) of your project can be up to £2 million. Funding is available for up to five years. BBSRC will fund 80% of the FEC.,Open - no closing date,2026-05-01,"£2,000,000",This opportunity is open to organisations with standard eligibility. Check if your organisation is eligible .,https://www.ukri.org/opportunity/bbsrc-standard-research-grant-applicant-led-mode/,0.501,0.296,,0.204,0.155,0.509,0.6,0.683,0.859
https://www.ukri.org/opportunity/bbsrc-new-investigator-award-applicant-led-mode/,BBSRC new investigator award: applicant-led mode,Biotechnology and Biological Sciences Research Council (BBSRC),,"Apply for funding to support excellent new investigator-led research across the breadth of the Biotechnology and Biological Sciences Research Council (BBSRC) scientific remit. You must be based at a UK research organisation eligible for BBSRC funding. This scheme is designed to assist newly employed university lecturers, researchers (at a level equivalent to lecturer) in research council institutes, and fellows (at a level equivalent to lecturer) to secure their first major element of research support funding. The full economic cost (FEC) of your project can be up to £2 million. Funding is available for up to five years. BBSRC will fund 80% of the FEC.",Open - no closing date,2026-05-01,"£2,000,000",This opportunity is open to organisations with standard eligibility. Check if your organisation is eligible .,https://www.ukri.org/opportunity/bbsrc-new-investigator-award-applicant-led-mode/,0.52,0.296,,0.257,0.155,0.509,0.6,0.683,0.766
https://www.ukri.org/opportunity/experimental-medicine/,Experimental medicine stage one,Medical Research Council (MRC),,"Apply for funding to investigate the causes, progression and treatment of human disease. Your project must: focus on a mechanistic hypothesis include an experimental intervention or challenge in humans You must be a researcher based at a research organisation eligible to apply for MRC funding. If you are taking the next step towards becoming an independent researcher, you may be eligible to apply as a ‘new investigator. There is no limit to the amount of funding you can apply for or the length of your project. We will fund 80% of your project’s full economic cost. This is an ongoing funding opportunity. Application rounds close every April and October.",2026-10-07,2026-04-30,,This opportunity is open to organisations with standard eligibility. Check if your organisation is eligible .,https://www.ukri.org/opportunity/experimental-medicine/,0.617,0.288,,0.359,0.403,0.629,,0.683,0.816
